/*
    CREATE TABLE, DEFAULT DATA INSERT문 
*/
--ROLLBACK;
--COMMIT;
------------------------------------------------------------------------------------------------------------------------------------------------------------------------
CREATE TABLE PERSON_TBL ( -- 사람 TBL	
	PER_ID	          		VARCHAR2(20)		NOT NULL	PRIMARY KEY,		-- 사람 ID
	PER_NAME		VARCHAR2(20)		NOT NULL,				-- 사람 이름
	PER_GENDER		CHAR(1)			NOT NULL,				-- 성별
	PER_TEL	            	VARCHAR2(20)     	NOT NULL,				-- 전화번호
	PER_ADDR_GRP		CHAR(6)			NOT NULL,				-- 주소 그룹
	PER_ADDR		CHAR(6)			NOT NULL				-- 주소 구까지
);

INSERT INTO PERSON_TBL(PER_ID, PER_NAME, PER_GENDER, PER_TEL, PER_ADDR_GRP, PER_ADDR) VALUES('950403-1129471', '김민석1',  'M', '010-3245-9372', 'GRP001', 'COM002');
INSERT INTO PERSON_TBL(PER_ID, PER_NAME, PER_GENDER, PER_TEL, PER_ADDR_GRP, PER_ADDR) VALUES('980923-1199032', '김민석2',  'M', '010-5439-1982', 'GRP001', 'COM004');
INSERT INTO PERSON_TBL(PER_ID, PER_NAME, PER_GENDER, PER_TEL, PER_ADDR_GRP, PER_ADDR) VALUES('970222-2102032', '김민지3',  'F', '010-8839-1222', 'GRP001', 'COM003');
INSERT INTO PERSON_TBL(PER_ID, PER_NAME, PER_GENDER, PER_TEL, PER_ADDR_GRP, PER_ADDR) VALUES('990912-1263322', '김민석4',  'M', '010-8839-1222', 'GRP001', 'COM004');
INSERT INTO PERSON_TBL(PER_ID, PER_NAME, PER_GENDER, PER_TEL, PER_ADDR_GRP, PER_ADDR) VALUES('000530-3195952', '김민석5',  'M', '010-8989-0000', 'GRP001', 'COM008');
INSERT INTO PERSON_TBL(PER_ID, PER_NAME, PER_GENDER, PER_TEL, PER_ADDR_GRP, PER_ADDR) VALUES('690129-2125445', '김민지6',  'F', '010-3333-1222', 'GRP001', 'COM012');
INSERT INTO PERSON_TBL(PER_ID, PER_NAME, PER_GENDER, PER_TEL, PER_ADDR_GRP, PER_ADDR) VALUES('530616-2123669', '김민지7',  'F', '010-8453-2626', 'GRP001', 'COM017');
INSERT INTO PERSON_TBL(PER_ID, PER_NAME, PER_GENDER, PER_TEL, PER_ADDR_GRP, PER_ADDR) VALUES('480628-1124985', '김민석8',  'M', '010-1313-0024', 'GRP001', 'COM007');
INSERT INTO PERSON_TBL(PER_ID, PER_NAME, PER_GENDER, PER_TEL, PER_ADDR_GRP, PER_ADDR) VALUES('080822-4151525', '김민지9',  'F', '010-5555-0502', 'GRP001', 'COM015');
INSERT INTO PERSON_TBL(PER_ID, PER_NAME, PER_GENDER, PER_TEL, PER_ADDR_GRP, PER_ADDR) VALUES('890125-2122532', '김민지10', 'F', '010-5955-0005', 'GRP001', 'COM017');
INSERT INTO PERSON_TBL(PER_ID, PER_NAME, PER_GENDER, PER_TEL, PER_ADDR_GRP, PER_ADDR) VALUES('780516-1212126', '김민석11', 'M', '010-4444-4584', 'GRP001', 'COM003');
INSERT INTO PERSON_TBL(PER_ID, PER_NAME, PER_GENDER, PER_TEL, PER_ADDR_GRP, PER_ADDR) VALUES('691225-1655421', '김민석12', 'M', '010-8839-4545', 'GRP001', 'COM013');
INSERT INTO PERSON_TBL(PER_ID, PER_NAME, PER_GENDER, PER_TEL, PER_ADDR_GRP, PER_ADDR) VALUES('060515-4125681', '김민지13', 'F', '010-4485-6464', 'GRP001', 'COM016');
INSERT INTO PERSON_TBL(PER_ID, PER_NAME, PER_GENDER, PER_TEL, PER_ADDR_GRP, PER_ADDR) VALUES('550125-2120283', '김민지14', 'F', '010-4646-9999', 'GRP001', 'COM011');
INSERT INTO PERSON_TBL(PER_ID, PER_NAME, PER_GENDER, PER_TEL, PER_ADDR_GRP, PER_ADDR) VALUES('880515-1165552', '김민석15', 'M', '010-4688-1112', 'GRP001', 'COM006');
INSERT INTO PERSON_TBL(PER_ID, PER_NAME, PER_GENDER, PER_TEL, PER_ADDR_GRP, PER_ADDR) VALUES('010322-3122175', '김민석16', 'M', '010-9999-6656', 'GRP001', 'COM014');
INSERT INTO PERSON_TBL(PER_ID, PER_NAME, PER_GENDER, PER_TEL, PER_ADDR_GRP, PER_ADDR) VALUES('601228-2164032', '김민지17', 'F', '010-8888-1121', 'GRP001', 'COM009');
INSERT INTO PERSON_TBL(PER_ID, PER_NAME, PER_GENDER, PER_TEL, PER_ADDR_GRP, PER_ADDR) VALUES('850321-2155032', '김민지18', 'F', '010-3939-2222', 'GRP001', 'COM005');
INSERT INTO PERSON_TBL(PER_ID, PER_NAME, PER_GENDER, PER_TEL, PER_ADDR_GRP, PER_ADDR) VALUES('000411-3124560', '김민석19', 'M', '010-5545-8888', 'GRP001', 'COM008');
INSERT INTO PERSON_TBL(PER_ID, PER_NAME, PER_GENDER, PER_TEL, PER_ADDR_GRP, PER_ADDR) VALUES('990412-1145032', '김민석20', 'M', '010-6659-1000', 'GRP001', 'COM011');
INSERT INTO PERSON_TBL(PER_ID, PER_NAME, PER_GENDER, PER_TEL, PER_ADDR_GRP, PER_ADDR) VALUES('470503-2156132', '김민지21', 'F', '010-0020-0005', 'GRP001', 'COM017');
INSERT INTO PERSON_TBL(PER_ID, PER_NAME, PER_GENDER, PER_TEL, PER_ADDR_GRP, PER_ADDR) VALUES('560325-2699543', '김민지22', 'F', '010-5459-6614', 'GRP001', 'COM002');
INSERT INTO PERSON_TBL(PER_ID, PER_NAME, PER_GENDER, PER_TEL, PER_ADDR_GRP, PER_ADDR) VALUES('010206-4122265', '김민지23', 'F', '010-9899-0024', 'GRP001', 'COM008');
INSERT INTO PERSON_TBL(PER_ID, PER_NAME, PER_GENDER, PER_TEL, PER_ADDR_GRP, PER_ADDR) VALUES('841203-1115563', '김민석24', 'M', '010-6656-1114', 'GRP001', 'COM014');
INSERT INTO PERSON_TBL(PER_ID, PER_NAME, PER_GENDER, PER_TEL, PER_ADDR_GRP, PER_ADDR) VALUES('810527-1315586', '김민석25', 'M', '010-5516-9061', 'GRP001', 'COM004');
INSERT INTO PERSON_TBL(PER_ID, PER_NAME, PER_GENDER, PER_TEL, PER_ADDR_GRP, PER_ADDR) VALUES('990510-2265882', '김민지26', 'F', '010-3331-1652', 'GRP001', 'COM015');
INSERT INTO PERSON_TBL(PER_ID, PER_NAME, PER_GENDER, PER_TEL, PER_ADDR_GRP, PER_ADDR) VALUES('500125-2556315', '김민지27', 'F', '010-9999-6878', 'GRP001', 'COM002');
INSERT INTO PERSON_TBL(PER_ID, PER_NAME, PER_GENDER, PER_TEL, PER_ADDR_GRP, PER_ADDR) VALUES('650214-1125665', '김민석28', 'M', '010-8484-1611', 'GRP001', 'COM011');
INSERT INTO PERSON_TBL(PER_ID, PER_NAME, PER_GENDER, PER_TEL, PER_ADDR_GRP, PER_ADDR) VALUES('750609-1115032', '김민석29', 'M', '010-4885-9212', 'GRP001', 'COM016');
INSERT INTO PERSON_TBL(PER_ID, PER_NAME, PER_GENDER, PER_TEL, PER_ADDR_GRP, PER_ADDR) VALUES('540810-2124560', '김민석30', 'F', '010-4845-8888', 'GRP001', 'COM010');
INSERT INTO PERSON_TBL(PER_ID, PER_NAME, PER_GENDER, PER_TEL, PER_ADDR_GRP, PER_ADDR) VALUES('940808-2125225', '김민지31', 'F', '010-6659-6466', 'GRP001', 'COM015');
INSERT INTO PERSON_TBL(PER_ID, PER_NAME, PER_GENDER, PER_TEL, PER_ADDR_GRP, PER_ADDR) VALUES('690503-2122532', '김민지32', 'F', '010-5949-0005', 'GRP001', 'COM005');
INSERT INTO PERSON_TBL(PER_ID, PER_NAME, PER_GENDER, PER_TEL, PER_ADDR_GRP, PER_ADDR) VALUES('100116-3556125', '김민석33', 'M', '010-9881-4584', 'GRP001', 'COM012');
INSERT INTO PERSON_TBL(PER_ID, PER_NAME, PER_GENDER, PER_TEL, PER_ADDR_GRP, PER_ADDR) VALUES('090526-3451421', '김민석34', 'M', '010-6626-1102', 'GRP001', 'COM003');
INSERT INTO PERSON_TBL(PER_ID, PER_NAME, PER_GENDER, PER_TEL, PER_ADDR_GRP, PER_ADDR) VALUES('770115-2211513', '김민지35', 'F', '010-6656-9998', 'GRP001', 'COM005');
INSERT INTO PERSON_TBL(PER_ID, PER_NAME, PER_GENDER, PER_TEL, PER_ADDR_GRP, PER_ADDR) VALUES('750603-2120283', '김민지36', 'F', '010-5551-9999', 'GRP001', 'COM011');
INSERT INTO PERSON_TBL(PER_ID, PER_NAME, PER_GENDER, PER_TEL, PER_ADDR_GRP, PER_ADDR) VALUES('551102-1126192', '김민석37', 'M', '010-1111-1112', 'GRP001', 'COM013');
INSERT INTO PERSON_TBL(PER_ID, PER_NAME, PER_GENDER, PER_TEL, PER_ADDR_GRP, PER_ADDR) VALUES('710922-1513485', '김민석38', 'M', '010-6491-6656', 'GRP001', 'COM003');
INSERT INTO PERSON_TBL(PER_ID, PER_NAME, PER_GENDER, PER_TEL, PER_ADDR_GRP, PER_ADDR) VALUES('850203-1164032', '김민석39', 'M', '010-6168-0021', 'GRP001', 'COM002');
INSERT INTO PERSON_TBL(PER_ID, PER_NAME, PER_GENDER, PER_TEL, PER_ADDR_GRP, PER_ADDR) VALUES('091111-2116502', '김민지40', 'F', '010-2256-2222', 'GRP001', 'COM011');
INSERT INTO PERSON_TBL(PER_ID, PER_NAME, PER_GENDER, PER_TEL, PER_ADDR_GRP, PER_ADDR) VALUES('960930-1165951', '김민석41', 'M', '010-3045-0025', 'GRP001', 'COM009');
INSERT INTO PERSON_TBL(PER_ID, PER_NAME, PER_GENDER, PER_TEL, PER_ADDR_GRP, PER_ADDR) VALUES('020812-1145132', '김민석42', 'M', '010-6223-1000', 'GRP001', 'COM004');
INSERT INTO PERSON_TBL(PER_ID, PER_NAME, PER_GENDER, PER_TEL, PER_ADDR_GRP, PER_ADDR) VALUES('701209-2122572', '김민지43', 'F', '010-6612-0005', 'GRP001', 'COM003');
INSERT INTO PERSON_TBL(PER_ID, PER_NAME, PER_GENDER, PER_TEL, PER_ADDR_GRP, PER_ADDR) VALUES('840701-1652215', '김민석44', 'M', '010-1544-4584', 'GRP001', 'COM006');
INSERT INTO PERSON_TBL(PER_ID, PER_NAME, PER_GENDER, PER_TEL, PER_ADDR_GRP, PER_ADDR) VALUES('010412-4302115', '김민지45', 'F', '010-6155-9956', 'GRP001', 'COM017');
INSERT INTO PERSON_TBL(PER_ID, PER_NAME, PER_GENDER, PER_TEL, PER_ADDR_GRP, PER_ADDR) VALUES('100609-4122511', '김민지46', 'F', '010-4000-6333', 'GRP001', 'COM002');
INSERT INTO PERSON_TBL(PER_ID, PER_NAME, PER_GENDER, PER_TEL, PER_ADDR_GRP, PER_ADDR) VALUES('950818-1120292', '김민석47', 'M', '010-4640-5559', 'GRP001', 'COM016');
INSERT INTO PERSON_TBL(PER_ID, PER_NAME, PER_GENDER, PER_TEL, PER_ADDR_GRP, PER_ADDR) VALUES('620302-1165552', '김민석48', 'M', '010-4110-1102', 'GRP001', 'COM006');
INSERT INTO PERSON_TBL(PER_ID, PER_NAME, PER_GENDER, PER_TEL, PER_ADDR_GRP, PER_ADDR) VALUES('030922-3166485', '김민석49', 'M', '010-9525-6542', 'GRP001', 'COM010');
INSERT INTO PERSON_TBL(PER_ID, PER_NAME, PER_GENDER, PER_TEL, PER_ADDR_GRP, PER_ADDR) VALUES('570215-1164032', '김민석50', 'M', '010-8008-1838', 'GRP001', 'COM007');
--------------------------------------------------------------------------------------------------------------------------------------------------------------------

--------------------------------------------------------------------------------------------------------------------------------------------------------------------
CREATE TABLE COMMONS_TBL ( -- 공통
	GRP_ID			CHAR(6)			NOT NULL,				-- GRP ID
	COM_ID			CHAR(6)			NOT NULL,				-- COM ID
	COM_VAL		VARCHAR2(100)		NOT NULL,				-- COM VAL
	PARENT_ID		CHAR(6)			NOT NULL,				-- 부모 ID
	EXP_VAL1		VARCHAR2(100)		NULL,					-- 예외1
	EXP_VAL2		VARCHAR2(100)		NULL,					-- 예외2
	EXP_VAL3		VARCHAR2(100)		NULL					-- 예외3
);

-- 'GRP001' 지역 종류 ---------------------------------------------
INSERT INTO COMMONS_TBL(GRP_ID, COM_ID, COM_VAL, PARENT_ID, EXP_VAL1, EXP_VAL2, EXP_VAL3) VALUES('GRP001', 'COM001', '지역',  'root', NULL, NULL, NULL);
INSERT INTO COMMONS_TBL(GRP_ID, COM_ID, COM_VAL, PARENT_ID, EXP_VAL1, EXP_VAL2, EXP_VAL3) VALUES('GRP001', 'COM002', '기장군', 'COM001', NULL, NULL, NULL);
INSERT INTO COMMONS_TBL(GRP_ID, COM_ID, COM_VAL, PARENT_ID, EXP_VAL1, EXP_VAL2, EXP_VAL3) VALUES('GRP001', 'COM003', '금정구', 'COM001', NULL, NULL, NULL);
INSERT INTO COMMONS_TBL(GRP_ID, COM_ID, COM_VAL, PARENT_ID, EXP_VAL1, EXP_VAL2, EXP_VAL3) VALUES('GRP001', 'COM004', '동래구', 'COM001', NULL, NULL, NULL);
INSERT INTO COMMONS_TBL(GRP_ID, COM_ID, COM_VAL, PARENT_ID, EXP_VAL1, EXP_VAL2, EXP_VAL3) VALUES('GRP001', 'COM005', '북구', 'COM001', NULL, NULL, NULL);
INSERT INTO COMMONS_TBL(GRP_ID, COM_ID, COM_VAL, PARENT_ID, EXP_VAL1, EXP_VAL2, EXP_VAL3) VALUES('GRP001', 'COM006', '강서구', 'COM001', NULL, NULL, NULL);
INSERT INTO COMMONS_TBL(GRP_ID, COM_ID, COM_VAL, PARENT_ID, EXP_VAL1, EXP_VAL2, EXP_VAL3) VALUES('GRP001', 'COM007', '해운대구', 'COM001', NULL, NULL, NULL);
INSERT INTO COMMONS_TBL(GRP_ID, COM_ID, COM_VAL, PARENT_ID, EXP_VAL1, EXP_VAL2, EXP_VAL3) VALUES('GRP001', 'COM008', '연제구', 'COM001', NULL, NULL, NULL);
INSERT INTO COMMONS_TBL(GRP_ID, COM_ID, COM_VAL, PARENT_ID, EXP_VAL1, EXP_VAL2, EXP_VAL3) VALUES('GRP001', 'COM009', '사상구', 'COM001', NULL, NULL, NULL);
INSERT INTO COMMONS_TBL(GRP_ID, COM_ID, COM_VAL, PARENT_ID, EXP_VAL1, EXP_VAL2, EXP_VAL3) VALUES('GRP001', 'COM010', '부산진구', 'COM001', NULL, NULL, NULL);
INSERT INTO COMMONS_TBL(GRP_ID, COM_ID, COM_VAL, PARENT_ID, EXP_VAL1, EXP_VAL2, EXP_VAL3) VALUES('GRP001', 'COM011', '수영구', 'COM001', NULL, NULL, NULL);
INSERT INTO COMMONS_TBL(GRP_ID, COM_ID, COM_VAL, PARENT_ID, EXP_VAL1, EXP_VAL2, EXP_VAL3) VALUES('GRP001', 'COM012', '남구', 'COM001', NULL, NULL, NULL);
INSERT INTO COMMONS_TBL(GRP_ID, COM_ID, COM_VAL, PARENT_ID, EXP_VAL1, EXP_VAL2, EXP_VAL3) VALUES('GRP001', 'COM013', '동구', 'COM001', NULL, NULL, NULL);
INSERT INTO COMMONS_TBL(GRP_ID, COM_ID, COM_VAL, PARENT_ID, EXP_VAL1, EXP_VAL2, EXP_VAL3) VALUES('GRP001', 'COM014', '서구', 'COM001', NULL, NULL, NULL);
INSERT INTO COMMONS_TBL(GRP_ID, COM_ID, COM_VAL, PARENT_ID, EXP_VAL1, EXP_VAL2, EXP_VAL3) VALUES('GRP001', 'COM015', '중구', 'COM001', NULL, NULL, NULL);
INSERT INTO COMMONS_TBL(GRP_ID, COM_ID, COM_VAL, PARENT_ID, EXP_VAL1, EXP_VAL2, EXP_VAL3) VALUES('GRP001', 'COM016', '영도구', 'COM001', NULL, NULL, NULL);
INSERT INTO COMMONS_TBL(GRP_ID, COM_ID, COM_VAL, PARENT_ID, EXP_VAL1, EXP_VAL2, EXP_VAL3) VALUES('GRP001', 'COM017', '사하구', 'COM001', NULL, NULL, NULL);

-- 'GRP002' 백신 종류 ---------------------------------------------
INSERT INTO COMMONS_TBL(GRP_ID, COM_ID, COM_VAL, PARENT_ID, EXP_VAL1, EXP_VAL2, EXP_VAL3) VALUES('GRP002', 'COM101', '백신', 'root', NULL, NULL, NULL);
INSERT INTO COMMONS_TBL(GRP_ID, COM_ID, COM_VAL, PARENT_ID, EXP_VAL1, EXP_VAL2, EXP_VAL3) VALUES('GRP002', 'COM102', '화이자', 'COM101', NULL, NULL, NULL);
INSERT INTO COMMONS_TBL(GRP_ID, COM_ID, COM_VAL, PARENT_ID, EXP_VAL1, EXP_VAL2, EXP_VAL3) VALUES('GRP002', 'COM103', '모더나', 'COM101', NULL, NULL, NULL);
INSERT INTO COMMONS_TBL(GRP_ID, COM_ID, COM_VAL, PARENT_ID, EXP_VAL1, EXP_VAL2, EXP_VAL3) VALUES('GRP002', 'COM104', '아스트라제네카', 'COM101', NULL, NULL, NULL);
INSERT INTO COMMONS_TBL(GRP_ID, COM_ID, COM_VAL, PARENT_ID, EXP_VAL1, EXP_VAL2, EXP_VAL3) VALUES('GRP002', 'COM105', '얀센', 'COM101', NULL, NULL, NULL);
INSERT INTO COMMONS_TBL(GRP_ID, COM_ID, COM_VAL, PARENT_ID, EXP_VAL1, EXP_VAL2, EXP_VAL3) VALUES('GRP002', 'COM106', '노바백스', 'COM101', NULL, NULL, NULL);

-- 'GRP003' 이상 증상 ---------------------------------------------
INSERT INTO COMMONS_TBL(GRP_ID, COM_ID, COM_VAL, PARENT_ID, EXP_VAL1, EXP_VAL2, EXP_VAL3) VALUES('GRP003', 'COM201', '증상', 'root', NULL, NULL, NULL);
INSERT INTO COMMONS_TBL(GRP_ID, COM_ID, COM_VAL, PARENT_ID, EXP_VAL1, EXP_VAL2, EXP_VAL3) VALUES('GRP003', 'COM202', '내분비', 'COM201', NULL, NULL, NULL);
INSERT INTO COMMONS_TBL(GRP_ID, COM_ID, COM_VAL, PARENT_ID, EXP_VAL1, EXP_VAL2, EXP_VAL3) VALUES('GRP003', 'COM203', '호흡기', 'COM201', NULL, NULL, NULL);
INSERT INTO COMMONS_TBL(GRP_ID, COM_ID, COM_VAL, PARENT_ID, EXP_VAL1, EXP_VAL2, EXP_VAL3) VALUES('GRP003', 'COM204', '근육', 'COM201', NULL, NULL, NULL);
INSERT INTO COMMONS_TBL(GRP_ID, COM_ID, COM_VAL, PARENT_ID, EXP_VAL1, EXP_VAL2, EXP_VAL3) VALUES('GRP003', 'COM205', '소화기', 'COM201', NULL, NULL, NULL);
INSERT INTO COMMONS_TBL(GRP_ID, COM_ID, COM_VAL, PARENT_ID, EXP_VAL1, EXP_VAL2, EXP_VAL3) VALUES('GRP003', 'COM206', '비뇨기', 'COM201', NULL, NULL, NULL);
INSERT INTO COMMONS_TBL(GRP_ID, COM_ID, COM_VAL, PARENT_ID, EXP_VAL1, EXP_VAL2, EXP_VAL3) VALUES('GRP003', 'COM207', '림프계', 'COM201', NULL, NULL, NULL);
INSERT INTO COMMONS_TBL(GRP_ID, COM_ID, COM_VAL, PARENT_ID, EXP_VAL1, EXP_VAL2, EXP_VAL3) VALUES('GRP003', 'COM208', '신경계', 'COM201', NULL, NULL, NULL);
INSERT INTO COMMONS_TBL(GRP_ID, COM_ID, COM_VAL, PARENT_ID, EXP_VAL1, EXP_VAL2, EXP_VAL3) VALUES('GRP003', 'COM209', '피부계', 'COM201', NULL, NULL, NULL);
INSERT INTO COMMONS_TBL(GRP_ID, COM_ID, COM_VAL, PARENT_ID, EXP_VAL1, EXP_VAL2, EXP_VAL3) VALUES('GRP003', 'COM210', '심혈관계', 'COM201', NULL, NULL, NULL);
INSERT INTO COMMONS_TBL(GRP_ID, COM_ID, COM_VAL, PARENT_ID, EXP_VAL1, EXP_VAL2, EXP_VAL3) VALUES('GRP003', 'COM211', '생식기계', 'COM201', NULL, NULL, NULL);
INSERT INTO COMMONS_TBL(GRP_ID, COM_ID, COM_VAL, PARENT_ID, EXP_VAL1, EXP_VAL2, EXP_VAL3) VALUES('GRP003', 'COM212', '골격계', 'COM201', NULL, NULL, NULL);

-- 'GRP004' 의사 전공 ---------------------------------------------
INSERT INTO COMMONS_TBL(GRP_ID, COM_ID, COM_VAL, PARENT_ID, EXP_VAL1, EXP_VAL2, EXP_VAL3) VALUES('GRP004','COM301','진료과','root',NULL, NULL, NULL);
INSERT INTO COMMONS_TBL(GRP_ID, COM_ID, COM_VAL, PARENT_ID, EXP_VAL1, EXP_VAL2, EXP_VAL3) VALUES('GRP004','COM302','내과','COM301',NULL, NULL, NULL);
INSERT INTO COMMONS_TBL(GRP_ID, COM_ID, COM_VAL, PARENT_ID, EXP_VAL1, EXP_VAL2, EXP_VAL3) VALUES('GRP004','COM303','외과','COM301',NULL, NULL, NULL);
INSERT INTO COMMONS_TBL(GRP_ID, COM_ID, COM_VAL, PARENT_ID, EXP_VAL1, EXP_VAL2, EXP_VAL3) VALUES('GRP004','COM304','신경과','COM301',NULL, NULL, NULL);
INSERT INTO COMMONS_TBL(GRP_ID, COM_ID, COM_VAL, PARENT_ID, EXP_VAL1, EXP_VAL2, EXP_VAL3) VALUES('GRP004','COM305','피부과','COM301',NULL, NULL, NULL);
INSERT INTO COMMONS_TBL(GRP_ID, COM_ID, COM_VAL, PARENT_ID, EXP_VAL1, EXP_VAL2, EXP_VAL3) VALUES('GRP004','COM306','흉부외과','COM301',NULL, NULL, NULL);
INSERT INTO COMMONS_TBL(GRP_ID, COM_ID, COM_VAL, PARENT_ID, EXP_VAL1, EXP_VAL2, EXP_VAL3) VALUES('GRP004','COM307','이비인후과','COM301',NULL, NULL, NULL);
INSERT INTO COMMONS_TBL(GRP_ID, COM_ID, COM_VAL, PARENT_ID, EXP_VAL1, EXP_VAL2, EXP_VAL3) VALUES('GRP004','COM308','산부인과','COM301',NULL, NULL, NULL);
INSERT INTO COMMONS_TBL(GRP_ID, COM_ID, COM_VAL, PARENT_ID, EXP_VAL1, EXP_VAL2, EXP_VAL3) VALUES('GRP004','COM309','비뇨기과','COM301',NULL, NULL, NULL);
INSERT INTO COMMONS_TBL(GRP_ID, COM_ID, COM_VAL, PARENT_ID, EXP_VAL1, EXP_VAL2, EXP_VAL3) VALUES('GRP004','COM310','정형외과','COM301',NULL, NULL, NULL);

-- 'GRP005' 처방 약품 ---------------------------------------------
INSERT INTO COMMONS_TBL(GRP_ID, COM_ID, COM_VAL, PARENT_ID, EXP_VAL1, EXP_VAL2, EXP_VAL3) VALUES('GRP005','COM401','약','root', NULL, NULL, NULL);
INSERT INTO COMMONS_TBL(GRP_ID, COM_ID, COM_VAL, PARENT_ID, EXP_VAL1, EXP_VAL2, EXP_VAL3) VALUES('GRP005','COM402','타이레놀','COM401',2500, NULL, NULL);
INSERT INTO COMMONS_TBL(GRP_ID, COM_ID, COM_VAL, PARENT_ID, EXP_VAL1, EXP_VAL2, EXP_VAL3) VALUES('GRP005','COM403','게보린','COM401',3300, NULL, NULL);
INSERT INTO COMMONS_TBL(GRP_ID, COM_ID, COM_VAL, PARENT_ID, EXP_VAL1, EXP_VAL2, EXP_VAL3) VALUES('GRP005','COM404','펜잘','COM401',2700, NULL, NULL);
INSERT INTO COMMONS_TBL(GRP_ID, COM_ID, COM_VAL, PARENT_ID, EXP_VAL1, EXP_VAL2, EXP_VAL3) VALUES('GRP005','COM405','베아제','COM401',2900, NULL, NULL);
INSERT INTO COMMONS_TBL(GRP_ID, COM_ID, COM_VAL, PARENT_ID, EXP_VAL1, EXP_VAL2, EXP_VAL3) VALUES('GRP005','COM406','훼스탈','COM401',2750, NULL, NULL);
INSERT INTO COMMONS_TBL(GRP_ID, COM_ID, COM_VAL, PARENT_ID, EXP_VAL1, EXP_VAL2, EXP_VAL3) VALUES('GRP005','COM407','판피린','COM401',3000, NULL, NULL);
INSERT INTO COMMONS_TBL(GRP_ID, COM_ID, COM_VAL, PARENT_ID, EXP_VAL1, EXP_VAL2, EXP_VAL3) VALUES('GRP005','COM408','판콜에이','COM401',2550, NULL, NULL);
INSERT INTO COMMONS_TBL(GRP_ID, COM_ID, COM_VAL, PARENT_ID, EXP_VAL1, EXP_VAL2, EXP_VAL3) VALUES('GRP005','COM409','화이투벤','COM401',3100, NULL, NULL);
INSERT INTO COMMONS_TBL(GRP_ID, COM_ID, COM_VAL, PARENT_ID, EXP_VAL1, EXP_VAL2, EXP_VAL3) VALUES('GRP005','COM410','지르텍','COM401',4800, NULL, NULL);
INSERT INTO COMMONS_TBL(GRP_ID, COM_ID, COM_VAL, PARENT_ID, EXP_VAL1, EXP_VAL2, EXP_VAL3) VALUES('GRP005','COM411','테라플루','COM401',7000, NULL, NULL);
INSERT INTO COMMONS_TBL(GRP_ID, COM_ID, COM_VAL, PARENT_ID, EXP_VAL1, EXP_VAL2, EXP_VAL3) VALUES('GRP005','COM412','렘데시비르','COM401',100000, NULL, NULL);
INSERT INTO COMMONS_TBL(GRP_ID, COM_ID, COM_VAL, PARENT_ID, EXP_VAL1, EXP_VAL2, EXP_VAL3) VALUES('GRP005','COM413','팍스로비드','COM401',90000, NULL, NULL);
INSERT INTO COMMONS_TBL(GRP_ID, COM_ID, COM_VAL, PARENT_ID, EXP_VAL1, EXP_VAL2, EXP_VAL3) VALUES('GRP005','COM414','라제브리오','COM401',95000, NULL, NULL);

-- 'GRP006' 병실 종류 ---------------------------------------------
INSERT INTO COMMONS_TBL(GRP_ID, COM_ID, COM_VAL, PARENT_ID, EXP_VAL1, EXP_VAL2, EXP_VAL3) VALUES('GRP006', 'COM501',    '병실',   'root',   NULL, NULL, NULL);
INSERT INTO COMMONS_TBL(GRP_ID, COM_ID, COM_VAL, PARENT_ID, EXP_VAL1, EXP_VAL2, EXP_VAL3) VALUES('GRP006', 'COM502',   '1인실', 'COM501', 200000, NULL, NULL);
INSERT INTO COMMONS_TBL(GRP_ID, COM_ID, COM_VAL, PARENT_ID, EXP_VAL1, EXP_VAL2, EXP_VAL3) VALUES('GRP006', 'COM503',   '2인실', 'COM501',  90000, NULL, NULL);
INSERT INTO COMMONS_TBL(GRP_ID, COM_ID, COM_VAL, PARENT_ID, EXP_VAL1, EXP_VAL2, EXP_VAL3) VALUES('GRP006', 'COM504',   '3인실', 'COM501',  50000, NULL, NULL);
INSERT INTO COMMONS_TBL(GRP_ID, COM_ID, COM_VAL, PARENT_ID, EXP_VAL1, EXP_VAL2, EXP_VAL3) VALUES('GRP006', 'COM505',   '4인실', 'COM501',  30000, NULL, NULL);
INSERT INTO COMMONS_TBL(GRP_ID, COM_ID, COM_VAL, PARENT_ID, EXP_VAL1, EXP_VAL2, EXP_VAL3) VALUES('GRP006', 'COM506',   '6인실', 'COM501',  15000, NULL, NULL);
INSERT INTO COMMONS_TBL(GRP_ID, COM_ID, COM_VAL, PARENT_ID, EXP_VAL1, EXP_VAL2, EXP_VAL3) VALUES('GRP006', 'COM507', '중환자실', 'COM501',  70000, NULL, NULL);
--------------------------------------------------------------------------------------------------------------------------------------------------------------------

--------------------------------------------------------------------------------------------------------------------------------------------------------------------
CREATE TABLE VACCINE_TBL ( -- 백신 종류
	VAC_ID			CHAR(6)			NOT NULL	PRIMARY KEY,		-- 백신 ID
	VAC_NAME_GRP		CHAR(6)			NOT NULL,				-- 백신 이름 (공통)
	VAC_NAME		CHAR(6)			NOT NULL,				-- 백신 이름
	VAC_DOSE		NUMBER	        		NOT NULL,				-- 백신 투입량
	VAC_TEMP		NUMBER	        		NOT NULL				-- 백신 보관 온도
);

INSERT INTO VACCINE_TBL (VAC_ID, VAC_NAME_GRP, VAC_NAME, VAC_DOSE, VAC_TEMP) VALUES('VAC001', 'GRP002', 'COM102', 50, -20);
INSERT INTO VACCINE_TBL (VAC_ID, VAC_NAME_GRP, VAC_NAME, VAC_DOSE, VAC_TEMP) VALUES('VAC002', 'GRP002', 'COM103', 30, -17);
INSERT INTO VACCINE_TBL (VAC_ID, VAC_NAME_GRP, VAC_NAME, VAC_DOSE, VAC_TEMP) VALUES('VAC003', 'GRP002', 'COM104', 50, -23);
INSERT INTO VACCINE_TBL (VAC_ID, VAC_NAME_GRP, VAC_NAME, VAC_DOSE, VAC_TEMP) VALUES('VAC004', 'GRP002', 'COM105', 20, -26);
INSERT INTO VACCINE_TBL (VAC_ID, VAC_NAME_GRP, VAC_NAME, VAC_DOSE, VAC_TEMP) VALUES('VAC005', 'GRP002', 'COM106', 40, -18);
--------------------------------------------------------------------------------------------------------------------------------------------------------------------

--------------------------------------------------------------------------------------------------------------------------------------------------------------------
CREATE TABLE HOSPITAL_TBL ( -- 병원
	HOS_ID	        		CHAR(6)			NOT NULL	PRIMARY KEY,		-- 병원 ID
	HOS_NAME		VARCHAR2(100)		NOT NULL,				-- 병원 이름
	HOS_ADDR_GRP		CHAR(6)			NOT NULL,				-- 병원 GRP (공통)
	HOS_ADDR		CHAR(6)			NOT NULL,				-- 병원 주소 (공통)
	HOS_ROOM_QTY		NUMBER			NOT  NULL,  				-- 병원 총 병상 수 QTY 
	HOS_OPEN_DATE		DATE			NOT NULL				-- 병원 개원일
);

INSERT INTO HOSPITAL_TBL(HOS_ID, HOS_NAME, HOS_ADDR_GRP, HOS_ADDR, HOS_ROOM_QTY, HOS_OPEN_DATE) VALUES('HOS001', '기장병원', 'GRP001', 'COM002', 120, TO_DATE('1980-05-01','YYYY-MM-DD'));
INSERT INTO HOSPITAL_TBL(HOS_ID, HOS_NAME, HOS_ADDR_GRP, HOS_ADDR, HOS_ROOM_QTY, HOS_OPEN_DATE) VALUES('HOS002', '금정병원', 'GRP001', 'COM003', 110, TO_DATE('1985-07-01','YYYY-MM-DD'));
INSERT INTO HOSPITAL_TBL(HOS_ID, HOS_NAME, HOS_ADDR_GRP, HOS_ADDR, HOS_ROOM_QTY, HOS_OPEN_DATE) VALUES('HOS003', '동래병원', 'GRP001', 'COM004', 150, TO_DATE('1991-01-01','YYYY-MM-DD'));
INSERT INTO HOSPITAL_TBL(HOS_ID, HOS_NAME, HOS_ADDR_GRP, HOS_ADDR, HOS_ROOM_QTY, HOS_OPEN_DATE) VALUES('HOS004', '북병원', 'GRP001', 'COM005', 70, TO_DATE('1996-09-01','YYYY-MM-DD'));
INSERT INTO HOSPITAL_TBL(HOS_ID, HOS_NAME, HOS_ADDR_GRP, HOS_ADDR, HOS_ROOM_QTY, HOS_OPEN_DATE) VALUES('HOS005', '강서병원', 'GRP001', 'COM006', 70, TO_DATE('1997-12-01','YYYY-MM-DD'));
INSERT INTO HOSPITAL_TBL(HOS_ID, HOS_NAME, HOS_ADDR_GRP, HOS_ADDR, HOS_ROOM_QTY, HOS_OPEN_DATE) VALUES('HOS006', '해운대병원', 'GRP001', 'COM007', 170, TO_DATE('1998-03-01','YYYY-MM-DD'));
INSERT INTO HOSPITAL_TBL(HOS_ID, HOS_NAME, HOS_ADDR_GRP, HOS_ADDR, HOS_ROOM_QTY, HOS_OPEN_DATE) VALUES('HOS007', '연제병원', 'GRP001', 'COM008', 110, TO_DATE('1999-08-01','YYYY-MM-DD'));
INSERT INTO HOSPITAL_TBL(HOS_ID, HOS_NAME, HOS_ADDR_GRP, HOS_ADDR, HOS_ROOM_QTY, HOS_OPEN_DATE) VALUES('HOS008', '사상병원', 'GRP001', 'COM009', 90, TO_DATE('2002-02-01','YYYY-MM-DD'));
INSERT INTO HOSPITAL_TBL(HOS_ID, HOS_NAME, HOS_ADDR_GRP, HOS_ADDR, HOS_ROOM_QTY, HOS_OPEN_DATE) VALUES('HOS009', '부산진병원', 'GRP001', 'COM010', 100, TO_DATE('1996-02-04', 'YYYY-MM-DD'));
INSERT INTO HOSPITAL_TBL(HOS_ID, HOS_NAME, HOS_ADDR_GRP, HOS_ADDR, HOS_ROOM_QTY, HOS_OPEN_DATE) VALUES('HOS010', '수영병원', 'GRP001', 'COM011', 200, TO_DATE('1987-07-24', 'YYYY-MM-DD'));
INSERT INTO HOSPITAL_TBL(HOS_ID, HOS_NAME, HOS_ADDR_GRP, HOS_ADDR, HOS_ROOM_QTY, HOS_OPEN_DATE) VALUES('HOS011', '남병원', 'GRP001', 'COM012', 150, TO_DATE('1973-01-16', 'YYYY-MM-DD'));
INSERT INTO HOSPITAL_TBL(HOS_ID, HOS_NAME, HOS_ADDR_GRP, HOS_ADDR, HOS_ROOM_QTY, HOS_OPEN_DATE) VALUES('HOS012', '동병원', 'GRP001', 'COM013', 160, TO_DATE('2000-07-14', 'YYYY-MM-DD'));
INSERT INTO HOSPITAL_TBL(HOS_ID, HOS_NAME, HOS_ADDR_GRP, HOS_ADDR, HOS_ROOM_QTY, HOS_OPEN_DATE) VALUES('HOS013', '서병원', 'GRP001', 'COM014', 120, TO_DATE('1978-09-12', 'YYYY-MM-DD'));
INSERT INTO HOSPITAL_TBL(HOS_ID, HOS_NAME, HOS_ADDR_GRP, HOS_ADDR, HOS_ROOM_QTY, HOS_OPEN_DATE) VALUES('HOS014', '중병원', 'GRP001', 'COM015', 130, TO_DATE('1985-12-01', 'YYYY-MM-DD'));
INSERT INTO HOSPITAL_TBL(HOS_ID, HOS_NAME, HOS_ADDR_GRP, HOS_ADDR, HOS_ROOM_QTY, HOS_OPEN_DATE) VALUES('HOS015', '영도병원', 'GRP001', 'COM016', 140, TO_DATE('1988-11-23', 'YYYY-MM-DD'));
INSERT INTO HOSPITAL_TBL(HOS_ID, HOS_NAME, HOS_ADDR_GRP, HOS_ADDR, HOS_ROOM_QTY, HOS_OPEN_DATE) VALUES('HOS016', '사하병원', 'GRP001', 'COM017', 180, TO_DATE('1995-04-29', 'YYYY-MM-DD'));
--------------------------------------------------------------------------------------------------------------------------------------------------------------------

--------------------------------------------------------------------------------------------------------------------------------------------------------------------
CREATE TABLE VACCINE_IN_TBL ( -- 백신 입고
	IDX	        		NUMBER 		NOT NULL,				-- 순서
	HOS_ID	        		CHAR(6)			NOT NULL,				-- 병원 ID
	VAC_ID	        		CHAR(6)			NOT NULL,				-- 백신 ID
	VAC_QTY	        		NUMBER			NOT NULL,				-- 백신 수량
	VAC_IN_DATE   		DATE			NOT NULL				-- 백신 입고일
);

-- 기장병원
INSERT INTO VACCINE_IN_TBL(IDX, HOS_ID, VAC_ID, VAC_QTY, VAC_IN_DATE) VALUES(1, 'HOS001', 'VAC001', 20, TO_DATE('2022-03-01 08:00:00', 'YYYY-MM-DD HH24:MI:SS'));
INSERT INTO VACCINE_IN_TBL(IDX, HOS_ID, VAC_ID, VAC_QTY, VAC_IN_DATE) VALUES(2, 'HOS001', 'VAC002', 30, TO_DATE('2022-03-01 08:00:00', 'YYYY-MM-DD HH24:MI:SS'));
INSERT INTO VACCINE_IN_TBL(IDX, HOS_ID, VAC_ID, VAC_QTY, VAC_IN_DATE) VALUES(3, 'HOS001', 'VAC003', 40, TO_DATE('2022-03-01 08:00:00', 'YYYY-MM-DD HH24:MI:SS'));

-- 금정병원
INSERT INTO VACCINE_IN_TBL(IDX, HOS_ID, VAC_ID, VAC_QTY, VAC_IN_DATE) VALUES(4, 'HOS002', 'VAC002', 30, TO_DATE('2022-03-01 08:00:00', 'YYYY-MM-DD HH24:MI:SS'));
INSERT INTO VACCINE_IN_TBL(IDX, HOS_ID, VAC_ID, VAC_QTY, VAC_IN_DATE) VALUES(5, 'HOS002', 'VAC003', 10, TO_DATE('2022-03-01 08:00:00', 'YYYY-MM-DD HH24:MI:SS'));
-- 동래병원
INSERT INTO VACCINE_IN_TBL(IDX, HOS_ID, VAC_ID, VAC_QTY, VAC_IN_DATE) VALUES(6, 'HOS003', 'VAC001', 20, TO_DATE('2022-03-01 08:00:00', 'YYYY-MM-DD HH24:MI:SS'));
INSERT INTO VACCINE_IN_TBL(IDX, HOS_ID, VAC_ID, VAC_QTY, VAC_IN_DATE) VALUES(7, 'HOS003', 'VAC002', 20, TO_DATE('2022-03-01 08:00:00', 'YYYY-MM-DD HH24:MI:SS'));
INSERT INTO VACCINE_IN_TBL(IDX, HOS_ID, VAC_ID, VAC_QTY, VAC_IN_DATE) VALUES(8, 'HOS003', 'VAC004', 20, TO_DATE('2022-03-01 08:00:00', 'YYYY-MM-DD HH24:MI:SS'));
INSERT INTO VACCINE_IN_TBL(IDX, HOS_ID, VAC_ID, VAC_QTY, VAC_IN_DATE) VALUES(9, 'HOS003', 'VAC005', 20, TO_DATE('2022-03-01 08:00:00', 'YYYY-MM-DD HH24:MI:SS'));
-- 북병원
INSERT INTO VACCINE_IN_TBL(IDX, HOS_ID, VAC_ID, VAC_QTY, VAC_IN_DATE) VALUES(10, 'HOS004', 'VAC001', 20, TO_DATE('2022-03-01 08:00:00', 'YYYY-MM-DD HH24:MI:SS'));
INSERT INTO VACCINE_IN_TBL(IDX, HOS_ID, VAC_ID, VAC_QTY, VAC_IN_DATE) VALUES(11, 'HOS004', 'VAC002', 20, TO_DATE('2022-03-01 08:00:00', 'YYYY-MM-DD HH24:MI:SS'));
INSERT INTO VACCINE_IN_TBL(IDX, HOS_ID, VAC_ID, VAC_QTY, VAC_IN_DATE) VALUES(12, 'HOS004', 'VAC003', 20, TO_DATE('2022-03-01 08:00:00', 'YYYY-MM-DD HH24:MI:SS'));
INSERT INTO VACCINE_IN_TBL(IDX, HOS_ID, VAC_ID, VAC_QTY, VAC_IN_DATE) VALUES(13, 'HOS004', 'VAC004', 20, TO_DATE('2022-03-01 08:00:00', 'YYYY-MM-DD HH24:MI:SS'));
-- 강서병원
INSERT INTO VACCINE_IN_TBL(IDX, HOS_ID, VAC_ID, VAC_QTY, VAC_IN_DATE) VALUES(14, 'HOS005', 'VAC001', 20, TO_DATE('2022-03-01 08:00:00', 'YYYY-MM-DD HH24:MI:SS'));
INSERT INTO VACCINE_IN_TBL(IDX, HOS_ID, VAC_ID, VAC_QTY, VAC_IN_DATE) VALUES(15, 'HOS005', 'VAC002', 20, TO_DATE('2022-03-01 08:00:00', 'YYYY-MM-DD HH24:MI:SS'));
INSERT INTO VACCINE_IN_TBL(IDX, HOS_ID, VAC_ID, VAC_QTY, VAC_IN_DATE) VALUES(16, 'HOS005', 'VAC003', 20, TO_DATE('2022-03-01 08:00:00', 'YYYY-MM-DD HH24:MI:SS'));
--해운대병원
INSERT INTO VACCINE_IN_TBL(IDX, HOS_ID, VAC_ID, VAC_QTY, VAC_IN_DATE) VALUES(17, 'HOS006', 'VAC001', 20, TO_DATE('2022-03-01 08:00:00', 'YYYY-MM-DD HH24:MI:SS'));
INSERT INTO VACCINE_IN_TBL(IDX, HOS_ID, VAC_ID, VAC_QTY, VAC_IN_DATE) VALUES(18, 'HOS006', 'VAC002', 20, TO_DATE('2022-03-01 08:00:00', 'YYYY-MM-DD HH24:MI:SS'));
INSERT INTO VACCINE_IN_TBL(IDX, HOS_ID, VAC_ID, VAC_QTY, VAC_IN_DATE) VALUES(19, 'HOS006', 'VAC003', 20, TO_DATE('2022-03-01 08:00:00', 'YYYY-MM-DD HH24:MI:SS'));
INSERT INTO VACCINE_IN_TBL(IDX, HOS_ID, VAC_ID, VAC_QTY, VAC_IN_DATE) VALUES(20, 'HOS006', 'VAC004', 20, TO_DATE('2022-03-01 08:00:00', 'YYYY-MM-DD HH24:MI:SS'));
INSERT INTO VACCINE_IN_TBL(IDX, HOS_ID, VAC_ID, VAC_QTY, VAC_IN_DATE) VALUES(21, 'HOS006', 'VAC005', 20, TO_DATE('2022-03-01 08:00:00', 'YYYY-MM-DD HH24:MI:SS'));
-- 연제병원
INSERT INTO VACCINE_IN_TBL(IDX, HOS_ID, VAC_ID, VAC_QTY, VAC_IN_DATE) VALUES(22, 'HOS007', 'VAC001', 3, TO_DATE('2022-03-01 08:00:00', 'YYYY-MM-DD HH24:MI:SS'));
INSERT INTO VACCINE_IN_TBL(IDX, HOS_ID, VAC_ID, VAC_QTY, VAC_IN_DATE) VALUES(23, 'HOS007', 'VAC002', 4, TO_DATE('2022-03-01 08:00:00', 'YYYY-MM-DD HH24:MI:SS'));
INSERT INTO VACCINE_IN_TBL(IDX, HOS_ID, VAC_ID, VAC_QTY, VAC_IN_DATE) VALUES(24, 'HOS007', 'VAC003', 2, TO_DATE('2022-03-01 08:00:00', 'YYYY-MM-DD HH24:MI:SS'));
-- 사상병원
INSERT INTO VACCINE_IN_TBL(IDX, HOS_ID, VAC_ID, VAC_QTY, VAC_IN_DATE) VALUES(25, 'HOS008', 'VAC001', 2, TO_DATE('2022-03-01 08:12:00', 'YYYY-MM-DD HH24:MI:SS'));
INSERT INTO VACCINE_IN_TBL(IDX, HOS_ID, VAC_ID, VAC_QTY, VAC_IN_DATE) VALUES(26, 'HOS008', 'VAC004', 4, TO_DATE('2022-03-01 08:12:00', 'YYYY-MM-DD HH24:MI:SS'));
INSERT INTO VACCINE_IN_TBL(IDX, HOS_ID, VAC_ID, VAC_QTY, VAC_IN_DATE) VALUES(27, 'HOS008', 'VAC005', 3, TO_DATE('2022-03-01 08:12:00', 'YYYY-MM-DD HH24:MI:SS'));
--부산진병원
INSERT INTO VACCINE_IN_TBL(IDX, HOS_ID, VAC_ID, VAC_QTY, VAC_IN_DATE) VALUES(28, 'HOS009', 'VAC002', 2, TO_DATE('2022-03-01 08:14:00', 'YYYY-MM-DD HH24:MI:SS'));
INSERT INTO VACCINE_IN_TBL(IDX, HOS_ID, VAC_ID, VAC_QTY, VAC_IN_DATE) VALUES(29, 'HOS009', 'VAC004', 5, TO_DATE('2022-03-01 08:14:00', 'YYYY-MM-DD HH24:MI:SS'));
INSERT INTO VACCINE_IN_TBL(IDX, HOS_ID, VAC_ID, VAC_QTY, VAC_IN_DATE) VALUES(30, 'HOS009', 'VAC003', 3, TO_DATE('2022-03-01 08:14:00', 'YYYY-MM-DD HH24:MI:SS'));
--수영병원
INSERT INTO VACCINE_IN_TBL(IDX, HOS_ID, VAC_ID, VAC_QTY, VAC_IN_DATE) VALUES(31, 'HOS010', 'VAC003', 1, TO_DATE('2022-03-01 08:15:00', 'YYYY-MM-DD HH24:MI:SS'));
INSERT INTO VACCINE_IN_TBL(IDX, HOS_ID, VAC_ID, VAC_QTY, VAC_IN_DATE) VALUES(32, 'HOS010', 'VAC001', 6, TO_DATE('2022-03-01 08:15:00', 'YYYY-MM-DD HH24:MI:SS'));
INSERT INTO VACCINE_IN_TBL(IDX, HOS_ID, VAC_ID, VAC_QTY, VAC_IN_DATE) VALUES(33, 'HOS010', 'VAC004', 3, TO_DATE('2022-03-01 08:15:00', 'YYYY-MM-DD HH24:MI:SS'));
--남병원
INSERT INTO VACCINE_IN_TBL(IDX, HOS_ID, VAC_ID, VAC_QTY, VAC_IN_DATE) VALUES(34, 'HOS011', 'VAC001', 4, TO_DATE('2022-03-01 08:16:00', 'YYYY-MM-DD HH24:MI:SS'));
INSERT INTO VACCINE_IN_TBL(IDX, HOS_ID, VAC_ID, VAC_QTY, VAC_IN_DATE) VALUES(35, 'HOS011', 'VAC002', 1, TO_DATE('2022-03-01 08:16:00', 'YYYY-MM-DD HH24:MI:SS'));
INSERT INTO VACCINE_IN_TBL(IDX, HOS_ID, VAC_ID, VAC_QTY, VAC_IN_DATE) VALUES(36, 'HOS011', 'VAC005', 3, TO_DATE('2022-03-01 08:16:00', 'YYYY-MM-DD HH24:MI:SS'));
--동병원
INSERT INTO VACCINE_IN_TBL(IDX, HOS_ID, VAC_ID, VAC_QTY, VAC_IN_DATE) VALUES(37, 'HOS012', 'VAC001', 3, TO_DATE('2022-03-01 08:20:30', 'YYYY-MM-DD HH24:MI:SS'));
INSERT INTO VACCINE_IN_TBL(IDX, HOS_ID, VAC_ID, VAC_QTY, VAC_IN_DATE) VALUES(38, 'HOS012', 'VAC002', 2, TO_DATE('2022-03-01 08:30:30', 'YYYY-MM-DD HH24:MI:SS'));
INSERT INTO VACCINE_IN_TBL(IDX, HOS_ID, VAC_ID, VAC_QTY, VAC_IN_DATE) VALUES(39, 'HOS012', 'VAC003', 5, TO_DATE('2022-03-01 08:20:30', 'YYYY-MM-DD HH24:MI:SS'));
--서병원
INSERT INTO VACCINE_IN_TBL(IDX, HOS_ID, VAC_ID, VAC_QTY, VAC_IN_DATE) VALUES(40, 'HOS013', 'VAC001', 7, TO_DATE('2022-03-01 08:10:30', 'YYYY-MM-DD HH24:MI:SS'));
INSERT INTO VACCINE_IN_TBL(IDX, HOS_ID, VAC_ID, VAC_QTY, VAC_IN_DATE) VALUES(41, 'HOS013', 'VAC002', 5, TO_DATE('2022-03-01 08:23:30', 'YYYY-MM-DD HH24:MI:SS'));
INSERT INTO VACCINE_IN_TBL(IDX, HOS_ID, VAC_ID, VAC_QTY, VAC_IN_DATE) VALUES(42, 'HOS013', 'VAC004', 1, TO_DATE('2022-03-01 08:26:30', 'YYYY-MM-DD HH24:MI:SS'));
--중병원
INSERT INTO VACCINE_IN_TBL(IDX, HOS_ID, VAC_ID, VAC_QTY, VAC_IN_DATE) VALUES(43, 'HOS014', 'VAC001', 6, TO_DATE('2022-03-01 08:43:30', 'YYYY-MM-DD HH24:MI:SS'));
INSERT INTO VACCINE_IN_TBL(IDX, HOS_ID, VAC_ID, VAC_QTY, VAC_IN_DATE) VALUES(44, 'HOS014', 'VAC002', 1, TO_DATE('2022-03-01 08:47:30', 'YYYY-MM-DD HH24:MI:SS'));
INSERT INTO VACCINE_IN_TBL(IDX, HOS_ID, VAC_ID, VAC_QTY, VAC_IN_DATE) VALUES(45, 'HOS014', 'VAC003', 4, TO_DATE('2022-03-01 08:57:30', 'YYYY-MM-DD HH24:MI:SS'));
INSERT INTO VACCINE_IN_TBL(IDX, HOS_ID, VAC_ID, VAC_QTY, VAC_IN_DATE) VALUES(46, 'HOS014', 'VAC005', 1, TO_DATE('2022-03-01 08:24:30', 'YYYY-MM-DD HH24:MI:SS'));
--영도병원
INSERT INTO VACCINE_IN_TBL(IDX, HOS_ID, VAC_ID, VAC_QTY, VAC_IN_DATE) VALUES(47, 'HOS015', 'VAC001', 4, TO_DATE('2022-03-01 08:24:30', 'YYYY-MM-DD HH24:MI:SS'));
INSERT INTO VACCINE_IN_TBL(IDX, HOS_ID, VAC_ID, VAC_QTY, VAC_IN_DATE) VALUES(48, 'HOS015', 'VAC002', 5, TO_DATE('2022-03-01 08:25:30', 'YYYY-MM-DD HH24:MI:SS'));
INSERT INTO VACCINE_IN_TBL(IDX, HOS_ID, VAC_ID, VAC_QTY, VAC_IN_DATE) VALUES(49, 'HOS015', 'VAC004', 2, TO_DATE('2022-03-01 08:14:30', 'YYYY-MM-DD HH24:MI:SS'));
INSERT INTO VACCINE_IN_TBL(IDX, HOS_ID, VAC_ID, VAC_QTY, VAC_IN_DATE) VALUES(50, 'HOS015', 'VAC005', 1, TO_DATE('2022-03-01 08:23:30', 'YYYY-MM-DD HH24:MI:SS'));
--사하병원
INSERT INTO VACCINE_IN_TBL(IDX, HOS_ID, VAC_ID, VAC_QTY, VAC_IN_DATE) VALUES(51, 'HOS016', 'VAC001', 2, TO_DATE('2022-03-01 08:13:30', 'YYYY-MM-DD HH24:MI:SS'));
INSERT INTO VACCINE_IN_TBL(IDX, HOS_ID, VAC_ID, VAC_QTY, VAC_IN_DATE) VALUES(52, 'HOS016', 'VAC002', 4, TO_DATE('2022-03-01 08:43:30', 'YYYY-MM-DD HH24:MI:SS'));
INSERT INTO VACCINE_IN_TBL(IDX, HOS_ID, VAC_ID, VAC_QTY, VAC_IN_DATE) VALUES(53, 'HOS016', 'VAC003', 5, TO_DATE('2022-03-01 08:00:30', 'YYYY-MM-DD HH24:MI:SS'));
--------------------------------------------------------------------------------------------------------------------------------------------------------------------

--------------------------------------------------------------------------------------------------------------------------------------------------------------------
CREATE TABLE DOCTOR_TBL ( -- 의사
	DOC_ID	        		CHAR(6)			NOT NULL	PRIMARY KEY,		-- 의사ID
	DOC_NAME		VARCHAR2(20)     	NOT NULL,				-- 의사 이름
	DOC_GENDER		CHAR(1)			NOT NULL,				-- 의사 성별
	HOS_ID	        		CHAR(6)			NOT NULL,				-- 병원 ID
	DOC_DEPT_GRP		CHAR(6)			NOT NULL,				-- 의사 전공 GRP
	DOC_DEPT		CHAR(6)			NOT NULL				-- 의사 전공
);

-- 기장병원
INSERT INTO DOCTOR_TBL (DOC_ID, DOC_NAME, DOC_GENDER, HOS_ID, DOC_DEPT_GRP, DOC_DEPT)
VALUES ('DOC001', '강동근', 'M', 'HOS001', 'GRP004', 'COM302');
INSERT INTO DOCTOR_TBL (DOC_ID, DOC_NAME, DOC_GENDER, HOS_ID, DOC_DEPT_GRP, DOC_DEPT)
VALUES ('DOC002', '권선영', 'F', 'HOS001', 'GRP004', 'COM303');
-- 금정병원
INSERT INTO DOCTOR_TBL (DOC_ID, DOC_NAME, DOC_GENDER, HOS_ID, DOC_DEPT_GRP, DOC_DEPT)
VALUES ('DOC003', '김시영', 'F', 'HOS002', 'GRP004', 'COM302');
INSERT INTO DOCTOR_TBL (DOC_ID, DOC_NAME, DOC_GENDER, HOS_ID, DOC_DEPT_GRP, DOC_DEPT)
VALUES ('DOC004', '김정희', 'M', 'HOS002', 'GRP004', 'COM304');
-- 동래병원
INSERT INTO DOCTOR_TBL (DOC_ID, DOC_NAME, DOC_GENDER, HOS_ID, DOC_DEPT_GRP, DOC_DEPT)
VALUES ('DOC005', '박진교', 'M', 'HOS003', 'GRP004', 'COM302');
INSERT INTO DOCTOR_TBL (DOC_ID, DOC_NAME, DOC_GENDER, HOS_ID, DOC_DEPT_GRP, DOC_DEPT)
VALUES ('DOC006', '박효진', 'F', 'HOS003', 'GRP004', 'COM305');
-- 북병원
INSERT INTO DOCTOR_TBL (DOC_ID, DOC_NAME, DOC_GENDER, HOS_ID, DOC_DEPT_GRP, DOC_DEPT)
VALUES ('DOC007', '박희은', 'F', 'HOS004', 'GRP004', 'COM306');
INSERT INTO DOCTOR_TBL (DOC_ID, DOC_NAME, DOC_GENDER, HOS_ID, DOC_DEPT_GRP, DOC_DEPT)
VALUES ('DOC008', '성동근', 'M', 'HOS004', 'GRP004', 'COM307');
-- 강서병원
INSERT INTO DOCTOR_TBL (DOC_ID, DOC_NAME, DOC_GENDER, HOS_ID, DOC_DEPT_GRP, DOC_DEPT)
VALUES ('DOC009', '성찬홍', 'M', 'HOS005', 'GRP004', 'COM305');
INSERT INTO DOCTOR_TBL (DOC_ID, DOC_NAME, DOC_GENDER, HOS_ID, DOC_DEPT_GRP, DOC_DEPT)
VALUES ('DOC010', '신용훈', 'M', 'HOS005', 'GRP004', 'COM306');
--해운대병원
INSERT INTO DOCTOR_TBL (DOC_ID, DOC_NAME, DOC_GENDER, HOS_ID, DOC_DEPT_GRP, DOC_DEPT)
VALUES ('DOC011', '안선미', 'F', 'HOS006', 'GRP004', 'COM308');
INSERT INTO DOCTOR_TBL (DOC_ID, DOC_NAME, DOC_GENDER, HOS_ID, DOC_DEPT_GRP, DOC_DEPT)
VALUES ('DOC012', '양동귀', 'M', 'HOS006', 'GRP004', 'COM310');
-- 연제병원
INSERT INTO DOCTOR_TBL (DOC_ID, DOC_NAME, DOC_GENDER, HOS_ID, DOC_DEPT_GRP, DOC_DEPT)
VALUES ('DOC013', '오성훈', 'M', 'HOS007', 'GRP004', 'COM309');
INSERT INTO DOCTOR_TBL (DOC_ID, DOC_NAME, DOC_GENDER, HOS_ID, DOC_DEPT_GRP, DOC_DEPT)
VALUES ('DOC014', '원재경', 'F', 'HOS007', 'GRP004', 'COM306');
-- 사상병원
INSERT INTO DOCTOR_TBL (DOC_ID, DOC_NAME, DOC_GENDER, HOS_ID, DOC_DEPT_GRP, DOC_DEPT)
VALUES ('DOC015', '유승화', 'F', 'HOS008', 'GRP004', 'COM307');
INSERT INTO DOCTOR_TBL (DOC_ID, DOC_NAME, DOC_GENDER, HOS_ID, DOC_DEPT_GRP, DOC_DEPT)
VALUES ('DOC016', '이아라', 'F', 'HOS008', 'GRP004', 'COM308');
-- 부산진병원
INSERT INTO DOCTOR_TBL (DOC_ID, DOC_NAME, DOC_GENDER, HOS_ID, DOC_DEPT_GRP, DOC_DEPT)
VALUES ('DOC017', '이정화', 'F', 'HOS009', 'GRP004', 'COM310');
INSERT INTO DOCTOR_TBL (DOC_ID, DOC_NAME, DOC_GENDER, HOS_ID, DOC_DEPT_GRP, DOC_DEPT)
VALUES ('DOC018', '전인호', 'M', 'HOS009', 'GRP004', 'COM308');
-- 수영병원
INSERT INTO DOCTOR_TBL (DOC_ID, DOC_NAME, DOC_GENDER, HOS_ID, DOC_DEPT_GRP, DOC_DEPT)
VALUES ('DOC019', '정병윤', 'M', 'HOS010', 'GRP004', 'COM303');
INSERT INTO DOCTOR_TBL (DOC_ID, DOC_NAME, DOC_GENDER, HOS_ID, DOC_DEPT_GRP, DOC_DEPT)
VALUES ('DOC020', '정성균', 'M', 'HOS010', 'GRP004', 'COM309');
-- 남병원
INSERT INTO DOCTOR_TBL (DOC_ID, DOC_NAME, DOC_GENDER, HOS_ID, DOC_DEPT_GRP, DOC_DEPT)
VALUES ('DOC021', '최문준', 'M', 'HOS011', 'GRP004', 'COM306');
INSERT INTO DOCTOR_TBL (DOC_ID, DOC_NAME, DOC_GENDER, HOS_ID, DOC_DEPT_GRP, DOC_DEPT)
VALUES ('DOC022', '최유나', 'F', 'HOS011', 'GRP004', 'COM307');
-- 동병원
INSERT INTO DOCTOR_TBL (DOC_ID, DOC_NAME, DOC_GENDER, HOS_ID, DOC_DEPT_GRP, DOC_DEPT)
VALUES ('DOC023', '한상진', 'M', 'HOS012', 'GRP004', 'COM305');
INSERT INTO DOCTOR_TBL (DOC_ID, DOC_NAME, DOC_GENDER, HOS_ID, DOC_DEPT_GRP, DOC_DEPT)
VALUES ('DOC024', '이지완', 'M', 'HOS012', 'GRP004', 'COM309');
-- 서병원
INSERT INTO DOCTOR_TBL (DOC_ID, DOC_NAME, DOC_GENDER, HOS_ID, DOC_DEPT_GRP, DOC_DEPT)
VALUES ('DOC025', '김장현', 'M', 'HOS013', 'GRP004', 'COM310');
INSERT INTO DOCTOR_TBL (DOC_ID, DOC_NAME, DOC_GENDER, HOS_ID, DOC_DEPT_GRP, DOC_DEPT)
VALUES ('DOC026', '배뽀또', 'M', 'HOS013', 'GRP004', 'COM303');
-- 중병원
INSERT INTO DOCTOR_TBL (DOC_ID, DOC_NAME, DOC_GENDER, HOS_ID, DOC_DEPT_GRP, DOC_DEPT)
VALUES ('DOC027', '권망고', 'M', 'HOS014', 'GRP004', 'COM304');
INSERT INTO DOCTOR_TBL (DOC_ID, DOC_NAME, DOC_GENDER, HOS_ID, DOC_DEPT_GRP, DOC_DEPT)
VALUES ('DOC028', '백시루', 'M', 'HOS014', 'GRP004', 'COM302');
-- 영도병원
INSERT INTO DOCTOR_TBL (DOC_ID, DOC_NAME, DOC_GENDER, HOS_ID, DOC_DEPT_GRP, DOC_DEPT)
VALUES ('DOC029', '박길동', 'M', 'HOS015', 'GRP004', 'COM303');
INSERT INTO DOCTOR_TBL (DOC_ID, DOC_NAME, DOC_GENDER, HOS_ID, DOC_DEPT_GRP, DOC_DEPT)
VALUES ('DOC030', '김누룽지', 'F', 'HOS015', 'GRP004', 'COM308');
-- 사하병원
INSERT INTO DOCTOR_TBL (DOC_ID, DOC_NAME, DOC_GENDER, HOS_ID, DOC_DEPT_GRP, DOC_DEPT)
VALUES ('DOC031', '호두기', 'F', 'HOS016', 'GRP004', 'COM309');
INSERT INTO DOCTOR_TBL (DOC_ID, DOC_NAME, DOC_GENDER, HOS_ID, DOC_DEPT_GRP, DOC_DEPT)
VALUES ('DOC032', '차현', 'M', 'HOS016', 'GRP004', 'COM310');
--------------------------------------------------------------------------------------------------------------------------------------------------------------------

/*
      행위 TABLE CREATE 
*/

--------------------------------------------------------------------------------------------------------------------------------------------------------------------
CREATE TABLE RESERVATION_TBL ( -- 예약
	RES_ID			CHAR(6)			NOT NULL	PRIMARY KEY,	           -- 예약 ID
	PER_ID			VARCHAR2(20)		NOT NULL,				-- 사람 ID
	HOS_ID			CHAR(6)			NOT NULL,				-- 병원 ID
	VAC_ID			CHAR(6)			NOT NULL,				-- 백신 ID
        RES_DATE        		DATE			NOT NULL				-- 예약일
);

--김민석1
INSERT INTO RESERVATION_TBL(RES_ID, PER_ID, HOS_ID, VAC_ID, RES_DATE) VALUES ('RES001', '950403-1129471', 'HOS006', 'VAC001', TO_DATE('2022-03-01 09:55:38', 'YYYY-MM-DD HH24:MI:SS'));
INSERT INTO RESERVATION_TBL(RES_ID, PER_ID, HOS_ID, VAC_ID, RES_DATE) VALUES ('RES011', '950403-1129471', 'HOS007', 'VAC001', TO_DATE('2022-03-04 09:55:38', 'YYYY-MM-DD HH24:MI:SS'));
--김민석2
INSERT INTO RESERVATION_TBL(RES_ID, PER_ID, HOS_ID, VAC_ID, RES_DATE) VALUES ('RES002', '980923-1199032', 'HOS006', 'VAC002', TO_DATE('2022-03-01 09:55:38', 'YYYY-MM-DD HH24:MI:SS'));
INSERT INTO RESERVATION_TBL(RES_ID, PER_ID, HOS_ID, VAC_ID, RES_DATE) VALUES ('RES012', '980923-1199032', 'HOS007', 'VAC002', TO_DATE('2022-03-05 09:55:38', 'YYYY-MM-DD HH24:MI:SS'));
--김민지3
INSERT INTO RESERVATION_TBL(RES_ID, PER_ID, HOS_ID, VAC_ID, RES_DATE) VALUES ('RES003', '970222-2102032', 'HOS006', 'VAC003', TO_DATE('2022-03-01 09:55:38', 'YYYY-MM-DD HH24:MI:SS'));
INSERT INTO RESERVATION_TBL(RES_ID, PER_ID, HOS_ID, VAC_ID, RES_DATE) VALUES ('RES013', '970222-2102032', 'HOS008', 'VAC003', TO_DATE('2022-03-06 09:55:38', 'YYYY-MM-DD HH24:MI:SS'));
--김민석4
INSERT INTO RESERVATION_TBL(RES_ID, PER_ID, HOS_ID, VAC_ID, RES_DATE) VALUES ('RES004', '990912-1263322', 'HOS007', 'VAC001', TO_DATE('2022-03-02 09:55:38', 'YYYY-MM-DD HH24:MI:SS'));
INSERT INTO RESERVATION_TBL(RES_ID, PER_ID, HOS_ID, VAC_ID, RES_DATE) VALUES ('RES014', '990912-1263322', 'HOS009', 'VAC001', TO_DATE('2022-03-07 09:55:38', 'YYYY-MM-DD HH24:MI:SS'));
INSERT INTO RESERVATION_TBL(RES_ID, PER_ID, HOS_ID, VAC_ID, RES_DATE) VALUES ('RES016', '990912-1263322', 'HOS009', 'VAC001', TO_DATE('2022-03-10 09:55:38', 'YYYY-MM-DD HH24:MI:SS'));
--김민석5
INSERT INTO RESERVATION_TBL(RES_ID, PER_ID, HOS_ID, VAC_ID, RES_DATE) VALUES ('RES005', '000530-3195952', 'HOS008', 'VAC002', TO_DATE('2022-03-02 09:55:38', 'YYYY-MM-DD HH24:MI:SS'));
INSERT INTO RESERVATION_TBL(RES_ID, PER_ID, HOS_ID, VAC_ID, RES_DATE) VALUES ('RES015', '000530-3195952', 'HOS011', 'VAC002', TO_DATE('2022-03-07 09:55:38', 'YYYY-MM-DD HH24:MI:SS'));
--김민지6
INSERT INTO RESERVATION_TBL(RES_ID, PER_ID, HOS_ID, VAC_ID, RES_DATE) VALUES ('RES006', '690129-2125445', 'HOS004', 'VAC003', TO_DATE('2022-03-02 09:55:38', 'YYYY-MM-DD HH24:MI:SS'));
--김민지7
INSERT INTO RESERVATION_TBL(RES_ID, PER_ID, HOS_ID, VAC_ID, RES_DATE) VALUES ('RES007', '530616-2123669', 'HOS005', 'VAC004', TO_DATE('2022-03-03 09:55:38', 'YYYY-MM-DD HH24:MI:SS'));
--김민석8
INSERT INTO RESERVATION_TBL(RES_ID, PER_ID, HOS_ID, VAC_ID, RES_DATE) VALUES ('RES008', '480628-1124985', 'HOS006', 'VAC001', TO_DATE('2022-03-03 09:55:38', 'YYYY-MM-DD HH24:MI:SS'));
--김민지9
INSERT INTO RESERVATION_TBL(RES_ID, PER_ID, HOS_ID, VAC_ID, RES_DATE) VALUES ('RES009', '080822-4151525', 'HOS004', 'VAC002', TO_DATE('2022-03-03 09:55:38', 'YYYY-MM-DD HH24:MI:SS'));
--김민지10
INSERT INTO RESERVATION_TBL(RES_ID, PER_ID, HOS_ID, VAC_ID, RES_DATE) VALUES ('RES010', '890125-2122532', 'HOS005', 'VAC003', TO_DATE('2022-03-04 09:55:38', 'YYYY-MM-DD HH24:MI:SS'));
--김민석11
INSERT INTO RESERVATION_TBL(RES_ID, PER_ID, HOS_ID, VAC_ID, RES_DATE) VALUES ('RES017', '780516-1212126', 'HOS002', 'VAC001', TO_DATE('2022-03-03 10:15:22', 'YYYY-MM-DD HH24:MI:SS'));
INSERT INTO RESERVATION_TBL(RES_ID, PER_ID, HOS_ID, VAC_ID, RES_DATE) VALUES ('RES026', '780516-1212126', 'HOS002', 'VAC001', TO_DATE('2022-06-08 11:45:08', 'YYYY-MM-DD HH24:MI:SS'));
INSERT INTO RESERVATION_TBL(RES_ID, PER_ID, HOS_ID, VAC_ID, RES_DATE) VALUES ('RES033', '780516-1212126', 'HOS002', 'VAC001', TO_DATE('2022-09-11 09:55:38', 'YYYY-MM-DD HH24:MI:SS'));
--김민석12
INSERT INTO RESERVATION_TBL(RES_ID, PER_ID, HOS_ID, VAC_ID, RES_DATE) VALUES ('RES018', '691225-1655421', 'HOS012', 'VAC002', TO_DATE('2022-03-05 12:14:46', 'YYYY-MM-DD HH24:MI:SS'));
INSERT INTO RESERVATION_TBL(RES_ID, PER_ID, HOS_ID, VAC_ID, RES_DATE) VALUES ('RES027', '691225-1655421', 'HOS012', 'VAC002', TO_DATE('2022-06-15 13:04:45', 'YYYY-MM-DD HH24:MI:SS'));
INSERT INTO RESERVATION_TBL(RES_ID, PER_ID, HOS_ID, VAC_ID, RES_DATE) VALUES ('RES034', '691225-1655421', 'HOS012', 'VAC002', TO_DATE('2022-09-18 15:31:23', 'YYYY-MM-DD HH24:MI:SS'));
--김민지13
INSERT INTO RESERVATION_TBL(RES_ID, PER_ID, HOS_ID, VAC_ID, RES_DATE) VALUES ('RES019', '060515-4125681', 'HOS015', 'VAC003', TO_DATE('2022-03-07 11:14:44', 'YYYY-MM-DD HH24:MI:SS'));
--김민지14
INSERT INTO RESERVATION_TBL(RES_ID, PER_ID, HOS_ID, VAC_ID, RES_DATE) VALUES ('RES020', '550125-2120283', 'HOS011', 'VAC001', TO_DATE('2022-03-08 13:55:25', 'YYYY-MM-DD HH24:MI:SS'));
INSERT INTO RESERVATION_TBL(RES_ID, PER_ID, HOS_ID, VAC_ID, RES_DATE) VALUES ('RES028', '550125-2120283', 'HOS011', 'VAC002', TO_DATE('2022-06-07 14:35:48', 'YYYY-MM-DD HH24:MI:SS'));
--김민석15
INSERT INTO RESERVATION_TBL(RES_ID, PER_ID, HOS_ID, VAC_ID, RES_DATE) VALUES ('RES021' ,'880515-1165552', 'HOS005', 'VAC005', TO_DATE('2022-03-11 14:05:19', 'YYYY-MM-DD HH24:MI:SS'));
INSERT INTO RESERVATION_TBL(RES_ID, PER_ID, HOS_ID, VAC_ID, RES_DATE) VALUES ('RES029', '880515-1165552', 'HOS005', 'VAC001', TO_DATE('2022-06-11 11:17:09', 'YYYY-MM-DD HH24:MI:SS'));
INSERT INTO RESERVATION_TBL(RES_ID, PER_ID, HOS_ID, VAC_ID, RES_DATE) VALUES ('RES035', '880515-1165552', 'HOS005', 'VAC001', TO_DATE('2022-09-20 15:07:02', 'YYYY-MM-DD HH24:MI:SS'));
--김민석16
INSERT INTO RESERVATION_TBL(RES_ID, PER_ID, HOS_ID, VAC_ID, RES_DATE) VALUES ('RES022', '010322-3122175', 'HOS013', 'VAC001', TO_DATE('2022-03-14 12:45:59',' YYYY-MM-DD HH24:MI:SS'));
INSERT INTO RESERVATION_TBL(RES_ID, PER_ID, HOS_ID, VAC_ID, RES_DATE) VALUES ('RES030', '010322-3122175', 'HOS008', 'VAC001', TO_DATE('2022-06-19 09:44:17',' YYYY-MM-DD HH24:MI:SS'));
INSERT INTO RESERVATION_TBL(RES_ID, PER_ID, HOS_ID, VAC_ID, RES_DATE) VALUES ('RES036', '010322-3122175', 'HOS013', 'VAC001', TO_DATE('2022-09-21 12:00:51',' YYYY-MM-DD HH24:MI:SS'));
--김민지18
INSERT INTO RESERVATION_TBL(RES_ID, PER_ID, HOS_ID, VAC_ID, RES_DATE) VALUES ('RES023', '850321-2155032', 'HOS008', 'VAC002', TO_DATE('2022-03-15 10:06:00', 'YYYY-MM-DD HH24:MI:SS'));
INSERT INTO RESERVATION_TBL(RES_ID, PER_ID, HOS_ID, VAC_ID, RES_DATE) VALUES ('RES031', '850321-2155032', 'HOS004', 'VAC001', TO_DATE('2022-06-17 11:46:20', 'YYYY-MM-DD HH24:MI:SS'));
INSERT INTO RESERVATION_TBL(RES_ID, PER_ID, HOS_ID, VAC_ID, RES_DATE) VALUES ('RES037', '850321-2155032', 'HOS004', 'VAC002', TO_DATE('2022-09-20 11:45:48', 'YYYY-MM-DD HH24:MI:SS'));
--김민석19
INSERT INTO RESERVATION_TBL(RES_ID, PER_ID, HOS_ID, VAC_ID, RES_DATE) VALUES ('RES024', '000411-3124560', 'HOS007', 'VAC004', TO_DATE('2022-03-19 14:22:33', 'YYYY-MM-DD HH24:MI:SS'));
--김민석20
INSERT INTO RESERVATION_TBL(RES_ID, PER_ID, HOS_ID, VAC_ID, RES_DATE) VALUES ('RES025', '990412-1145032', 'HOS011', 'VAC002', TO_DATE('2022-03-21 15:34:34', 'YYYY-MM-DD HH24:MI:SS'));
INSERT INTO RESERVATION_TBL(RES_ID, PER_ID, HOS_ID, VAC_ID, RES_DATE) VALUES ('RES032', '990412-1145032', 'HOS002', 'VAC002', TO_DATE('2022-06-27 10:32:11', 'YYYY-MM-DD HH24:MI:SS'));
INSERT INTO RESERVATION_TBL(RES_ID, PER_ID, HOS_ID, VAC_ID, RES_DATE) VALUES ('RES038', '990412-1145032', 'HOS002', 'VAC002', TO_DATE('2022-09-29 11:22:55', 'YYYY-MM-DD HH24:MI:SS'));
--김민지21
INSERT INTO RESERVATION_TBL(RES_ID, PER_ID, HOS_ID, VAC_ID, RES_DATE) VALUES ('RES039', '470503-2156132', 'HOS001', 'VAC001', TO_DATE('2022-03-01 08:43:30', 'YYYY-MM-DD HH24:MI:SS'));
INSERT INTO RESERVATION_TBL(RES_ID, PER_ID, HOS_ID, VAC_ID, RES_DATE) VALUES ('RES048', '470503-2156132', 'HOS001', 'VAC001', TO_DATE('2022-03-10 09:13:25', 'YYYY-MM-DD HH24:MI:SS'));
INSERT INTO RESERVATION_TBL(RES_ID, PER_ID, HOS_ID, VAC_ID, RES_DATE) VALUES ('RES057', '470503-2156132', 'HOS003', 'VAC001', TO_DATE('2022-03-21 09:08:25', 'YYYY-MM-DD HH24:MI:SS'));
--김민지22
INSERT INTO RESERVATION_TBL(RES_ID, PER_ID, HOS_ID, VAC_ID, RES_DATE) VALUES ('RES040', '560325-2699543', 'HOS003', 'VAC001', TO_DATE('2022-03-02 08:43:30', 'YYYY-MM-DD HH24:MI:SS'));
INSERT INTO RESERVATION_TBL(RES_ID, PER_ID, HOS_ID, VAC_ID, RES_DATE) VALUES ('RES049', '560325-2699543', 'HOS003', 'VAC001', TO_DATE('2022-03-10 10:20:25', 'YYYY-MM-DD HH24:MI:SS'));
--김민지23
INSERT INTO RESERVATION_TBL(RES_ID, PER_ID, HOS_ID, VAC_ID, RES_DATE) VALUES ('RES041', '010206-4122265', 'HOS005', 'VAC001', TO_DATE('2022-03-02 09:43:30', 'YYYY-MM-DD HH24:MI:SS'));
INSERT INTO RESERVATION_TBL(RES_ID, PER_ID, HOS_ID, VAC_ID, RES_DATE) VALUES ('RES050', '010206-4122265', 'HOS005', 'VAC001', TO_DATE('2022-03-10 11:13:25', 'YYYY-MM-DD HH24:MI:SS'));
INSERT INTO RESERVATION_TBL(RES_ID, PER_ID, HOS_ID, VAC_ID, RES_DATE) VALUES ('RES058', '010206-4122265', 'HOS005', 'VAC001', TO_DATE('2022-03-21 10:03:25', 'YYYY-MM-DD HH24:MI:SS'));
--김민석24
INSERT INTO RESERVATION_TBL(RES_ID, PER_ID, HOS_ID, VAC_ID, RES_DATE) VALUES ('RES042', '841203-1115563', 'HOS006', 'VAC003', TO_DATE('2022-03-02 10:40:30', 'YYYY-MM-DD HH24:MI:SS'));
INSERT INTO RESERVATION_TBL(RES_ID, PER_ID, HOS_ID, VAC_ID, RES_DATE) VALUES ('RES051', '841203-1115563', 'HOS006', 'VAC003', TO_DATE('2022-03-11 09:13:25', 'YYYY-MM-DD HH24:MI:SS'));
INSERT INTO RESERVATION_TBL(RES_ID, PER_ID, HOS_ID, VAC_ID, RES_DATE) VALUES ('RES059', '841203-1115563', 'HOS006', 'VAC003', TO_DATE('2022-03-22 11:00:00', 'YYYY-MM-DD HH24:MI:SS'));
--김민석25
INSERT INTO RESERVATION_TBL(RES_ID, PER_ID, HOS_ID, VAC_ID, RES_DATE) VALUES ('RES043', '810527-1315586', 'HOS010', 'VAC003', TO_DATE('2022-03-03 08:40:00', 'YYYY-MM-DD HH24:MI:SS'));
INSERT INTO RESERVATION_TBL(RES_ID, PER_ID, HOS_ID, VAC_ID, RES_DATE) VALUES ('RES052', '810527-1315586', 'HOS010', 'VAC003', TO_DATE('2022-03-11 11:13:25', 'YYYY-MM-DD HH24:MI:SS'));
--김민지26
INSERT INTO RESERVATION_TBL(RES_ID, PER_ID, HOS_ID, VAC_ID, RES_DATE) VALUES ('RES044', '990510-2265882', 'HOS008', 'VAC004', TO_DATE('2022-03-03 11:31:30', 'YYYY-MM-DD HH24:MI:SS'));
INSERT INTO RESERVATION_TBL(RES_ID, PER_ID, HOS_ID, VAC_ID, RES_DATE) VALUES ('RES053', '990510-2265882', 'HOS011', 'VAC004', TO_DATE('2022-03-22 13:00:00', 'YYYY-MM-DD HH24:MI:SS'));
--김민지27
INSERT INTO RESERVATION_TBL(RES_ID, PER_ID, HOS_ID, VAC_ID, RES_DATE) VALUES ('RES045', '500125-2556315', 'HOS011', 'VAC004', TO_DATE('2022-03-04 09:10:00', 'YYYY-MM-DD HH24:MI:SS'));
INSERT INTO RESERVATION_TBL(RES_ID, PER_ID, HOS_ID, VAC_ID, RES_DATE) VALUES ('RES054', '500125-2556315', 'HOS011', 'VAC004', TO_DATE('2022-03-12 12:13:25', 'YYYY-MM-DD HH24:MI:SS'));

--김민석28 --> 없음

--김민석29
INSERT INTO RESERVATION_TBL(RES_ID, PER_ID, HOS_ID, VAC_ID, RES_DATE) VALUES ('RES046', '750609-1115032' ,'HOS015', 'VAC002', TO_DATE('2022-03-04 14:20:00', 'YYYY-MM-DD HH24:MI:SS'));
INSERT INTO RESERVATION_TBL(RES_ID, PER_ID, HOS_ID, VAC_ID, RES_DATE) VALUES ('RES055', '750609-1115032', 'HOS015', 'VAC002', TO_DATE('2022-03-12 14:13:25', 'YYYY-MM-DD HH24:MI:SS'));
INSERT INTO RESERVATION_TBL(RES_ID, PER_ID, HOS_ID, VAC_ID, RES_DATE) VALUES ('RES060', '750609-1115032', 'HOS015', 'VAC002', TO_DATE('2022-03-23 10:30:00', 'YYYY-MM-DD HH24:MI:SS'));
--김민석30
INSERT INTO RESERVATION_TBL(RES_ID, PER_ID, HOS_ID, VAC_ID, RES_DATE) VALUES ('RES047', '540810-2124560' ,'HOS012', 'VAC005', TO_DATE('2022-03-04 15:13:25', 'YYYY-MM-DD HH24:MI:SS'));
INSERT INTO RESERVATION_TBL(RES_ID, PER_ID, HOS_ID, VAC_ID, RES_DATE) VALUES ('RES056', '540810-2124560', 'HOS012', 'VAC005', TO_DATE('2022-03-12 15:13:25', 'YYYY-MM-DD HH24:MI:SS'));
INSERT INTO RESERVATION_TBL(RES_ID, PER_ID, HOS_ID, VAC_ID, RES_DATE) VALUES ('RES061', '540810-2124560', 'HOS012', 'VAC005', TO_DATE('2022-03-23 14:30:00', 'YYYY-MM-DD HH24:MI:SS'));
--김민지31
INSERT INTO RESERVATION_TBL(RES_ID, PER_ID, HOS_ID, VAC_ID, RES_DATE) VALUES ('RES062', '940808-2125225', 'HOS014', 'VAC001', TO_DATE('2022-03-02 10:30:00', 'YYYY-MM-DD HH24:MI:SS'));
INSERT INTO RESERVATION_TBL(RES_ID, PER_ID, HOS_ID, VAC_ID, RES_DATE) VALUES ('RES071', '940808-2125225', 'HOS014', 'VAC001', TO_DATE('2022-06-02 10:30:00', 'YYYY-MM-DD HH24:MI:SS'));
--김민지32
INSERT INTO RESERVATION_TBL(RES_ID, PER_ID, HOS_ID, VAC_ID, RES_DATE) VALUES ('RES063', '690503-2122532', 'HOS004', 'VAC003', TO_DATE('2022-03-03 10:30:00', 'YYYY-MM-DD HH24:MI:SS'));
INSERT INTO RESERVATION_TBL(RES_ID, PER_ID, HOS_ID, VAC_ID, RES_DATE) VALUES ('RES072', '690503-2122532', 'HOS004', 'VAC003', TO_DATE('2022-06-03 10:30:00', 'YYYY-MM-DD HH24:MI:SS'));
INSERT INTO RESERVATION_TBL(RES_ID, PER_ID, HOS_ID, VAC_ID, RES_DATE) VALUES ('RES080', '690503-2122532', 'HOS004', 'VAC001', TO_DATE('2022-09-12 10:30:00', 'YYYY-MM-DD HH24:MI:SS'));
--김민석33
INSERT INTO RESERVATION_TBL(RES_ID, PER_ID, HOS_ID, VAC_ID, RES_DATE) VALUES ('RES064', '100116-3556125', 'HOS011', 'VAC001', TO_DATE('2022-03-15 10:30:00', 'YYYY-MM-DD HH24:MI:SS'));
INSERT INTO RESERVATION_TBL(RES_ID, PER_ID, HOS_ID, VAC_ID, RES_DATE) VALUES ('RES073', '100116-3556125', 'HOS011', 'VAC001', TO_DATE('2022-06-20 10:30:00', 'YYYY-MM-DD HH24:MI:SS'));
INSERT INTO RESERVATION_TBL(RES_ID, PER_ID, HOS_ID, VAC_ID, RES_DATE) VALUES ('RES081', '100116-3556125', 'HOS011', 'VAC001', TO_DATE('2022-09-13 10:30:00', 'YYYY-MM-DD HH24:MI:SS'));
--김민석34
INSERT INTO RESERVATION_TBL(RES_ID, PER_ID, HOS_ID, VAC_ID, RES_DATE) VALUES ('RES065', '090526-3451421', 'HOS002', 'VAC001', TO_DATE('2022-03-07 10:30:00', 'YYYY-MM-DD HH24:MI:SS'));
INSERT INTO RESERVATION_TBL(RES_ID, PER_ID, HOS_ID, VAC_ID, RES_DATE) VALUES ('RES074', '090526-3451421', 'HOS002', 'VAC001', TO_DATE('2022-06-07 10:30:00', 'YYYY-MM-DD HH24:MI:SS'));
--김민지35
INSERT INTO RESERVATION_TBL(RES_ID, PER_ID, HOS_ID, VAC_ID, RES_DATE) VALUES ('RES066', '770115-2211513', 'HOS004', 'VAC004', TO_DATE('2022-03-23 10:30:00', 'YYYY-MM-DD HH24:MI:SS'));
INSERT INTO RESERVATION_TBL(RES_ID, PER_ID, HOS_ID, VAC_ID, RES_DATE) VALUES ('RES075', '770115-2211513', 'HOS004', 'VAC001', TO_DATE('2022-06-15 10:30:00', 'YYYY-MM-DD HH24:MI:SS'));
--김민지36
INSERT INTO RESERVATION_TBL(RES_ID, PER_ID, HOS_ID, VAC_ID, RES_DATE) VALUES ('RES067', '750603-2120283', 'HOS006', 'VAC002', TO_DATE('2022-03-04 10:30:00', 'YYYY-MM-DD HH24:MI:SS'));
INSERT INTO RESERVATION_TBL(RES_ID, PER_ID, HOS_ID, VAC_ID, RES_DATE) VALUES ('RES076', '750603-2120283', 'HOS006', 'VAC002', TO_DATE('2022-06-07 10:30:00', 'YYYY-MM-DD HH24:MI:SS'));
--김민석37
INSERT INTO RESERVATION_TBL(RES_ID, PER_ID, HOS_ID, VAC_ID, RES_DATE) VALUES ('RES068', '551102-1126192', 'HOS012', 'VAC003', TO_DATE('2022-03-18 10:30:00', 'YYYY-MM-DD HH24:MI:SS'));
INSERT INTO RESERVATION_TBL(RES_ID, PER_ID, HOS_ID, VAC_ID, RES_DATE) VALUES ('RES077', '551102-1126192', 'HOS012', 'VAC003', TO_DATE('2022-05-25 10:30:00', 'YYYY-MM-DD HH24:MI:SS'));
--김민석38
INSERT INTO RESERVATION_TBL(RES_ID, PER_ID, HOS_ID, VAC_ID, RES_DATE) VALUES ('RES069', '710922-1513485', 'HOS002', 'VAC002', TO_DATE('2022-03-23 10:30:00', 'YYYY-MM-DD HH24:MI:SS'));
INSERT INTO RESERVATION_TBL(RES_ID, PER_ID, HOS_ID, VAC_ID, RES_DATE) VALUES ('RES078', '710922-1513485', 'HOS002', 'VAC002', TO_DATE('2022-06-22 10:30:00', 'YYYY-MM-DD HH24:MI:SS'));
INSERT INTO RESERVATION_TBL(RES_ID, PER_ID, HOS_ID, VAC_ID, RES_DATE) VALUES ('RES082', '710922-1513485', 'HOS002', 'VAC002', TO_DATE('2022-09-14 10:30:00', 'YYYY-MM-DD HH24:MI:SS'));
--김민석39
INSERT INTO RESERVATION_TBL(RES_ID, PER_ID, HOS_ID, VAC_ID, RES_DATE) VALUES ('RES070', '850203-1164032', 'HOS001', 'VAC002', TO_DATE('2022-03-01 10:30:00', 'YYYY-MM-DD HH24:MI:SS'));
INSERT INTO RESERVATION_TBL(RES_ID, PER_ID, HOS_ID, VAC_ID, RES_DATE) VALUES ('RES079', '850203-1164032', 'HOS001', 'VAC002', TO_DATE('2022-06-07 10:30:00', 'YYYY-MM-DD HH24:MI:SS'));
INSERT INTO RESERVATION_TBL(RES_ID, PER_ID, HOS_ID, VAC_ID, RES_DATE) VALUES ('RES083', '850203-1164032', 'HOS001', 'VAC002', TO_DATE('2022-09-15 10:30:00', 'YYYY-MM-DD HH24:MI:SS'));
--김민석41
INSERT INTO RESERVATION_TBL(RES_ID, PER_ID, HOS_ID, VAC_ID, RES_DATE) VALUES ('RES084', '960930-1165951', 'HOS008', 'VAC002', TO_DATE('2022-03-03 10:55:24', 'YYYY-MM-DD HH24:MI:SS'));-- 1차(RES41, 진료, 입원, 퇴원)
INSERT INTO RESERVATION_TBL(RES_ID, PER_ID, HOS_ID, VAC_ID, RES_DATE) VALUES ('RES094', '960930-1165951', 'HOS008', 'VAC002', TO_DATE('2022-05-01 10:53:24', 'YYYY-MM-DD HH24:MI:SS'));-- 2차(RES051, 진료, 입원, 퇴원)
INSERT INTO RESERVATION_TBL(RES_ID, PER_ID, HOS_ID, VAC_ID, RES_DATE) VALUES ('RES101', '960930-1165951', 'HOS009', 'VAC002', TO_DATE('2022-07-01 10:52:22', 'YYYY-MM-DD HH24:MI:SS'));-- 3차(RES058, 진료, 입원, 퇴원)
--김민석42
INSERT INTO RESERVATION_TBL(RES_ID, PER_ID, HOS_ID, VAC_ID, RES_DATE) VALUES ('RES085', '020812-1145132', 'HOS003', 'VAC003', TO_DATE('2022-03-09 13:30:01', 'YYYY-MM-DD HH24:MI:SS'));-- 1차(RES42 접종만 완료.)
INSERT INTO RESERVATION_TBL(RES_ID, PER_ID, HOS_ID, VAC_ID, RES_DATE) VALUES ('RES095', '020812-1145132', 'HOS003', 'VAC003', TO_DATE('2022-05-03 13:23:23', 'YYYY-MM-DD HH24:MI:SS'));-- 2차(RES052, 진료, 입원, 퇴원)
INSERT INTO RESERVATION_TBL(RES_ID, PER_ID, HOS_ID, VAC_ID, RES_DATE) VALUES ('RES102', '020812-1145132', 'HOS015', 'VAC003', TO_DATE('2022-07-03 11:13:42', 'YYYY-MM-DD HH24:MI:SS'));-- 3차(RES059, 진료, 입원, 퇴원 X)
--김민지43
INSERT INTO RESERVATION_TBL(RES_ID, PER_ID, HOS_ID, VAC_ID, RES_DATE) VALUES ('RES086', '701209-2122572', 'HOS002', 'VAC004', TO_DATE('2022-03-13 11:23:23', 'YYYY-MM-DD HH24:MI:SS'));-- 1차(RES43, 진료, 입원, 퇴원)
INSERT INTO RESERVATION_TBL(RES_ID, PER_ID, HOS_ID, VAC_ID, RES_DATE) VALUES ('RES096', '701209-2122572', 'HOS005', 'VAC004', TO_DATE('2022-05-03 12:15:11', 'YYYY-MM-DD HH24:MI:SS'));-- 2차(RES053, 진료, 입원, 퇴원)
INSERT INTO RESERVATION_TBL(RES_ID, PER_ID, HOS_ID, VAC_ID, RES_DATE) VALUES ('RES103', '701209-2122572', 'HOS006', 'VAC004', TO_DATE('2022-07-04 09:23:31', 'YYYY-MM-DD HH24:MI:SS'));-- 3차(RES060, 진료)
--김민석44
INSERT INTO RESERVATION_TBL(RES_ID, PER_ID, HOS_ID, VAC_ID, RES_DATE) VALUES ('RES087', '840701-1652215', 'HOS005', 'VAC002', TO_DATE('2022-03-13 14:53:44', 'YYYY-MM-DD HH24:MI:SS'));-- 1차(예약만 하고 접종 안 함.)
--김민지45
INSERT INTO RESERVATION_TBL(RES_ID, PER_ID, HOS_ID, VAC_ID, RES_DATE) VALUES ('RES088', '010412-4302115', 'HOS008', 'VAC005', TO_DATE('2022-03-20 12:41:21', 'YYYY-MM-DD HH24:MI:SS'));-- 1차(RES45, 진료, 입원, 퇴원)
INSERT INTO RESERVATION_TBL(RES_ID, PER_ID, HOS_ID, VAC_ID, RES_DATE) VALUES ('RES097', '010412-4302115', 'HOS004', 'VAC005', TO_DATE('2022-05-01 11:45:51', 'YYYY-MM-DD HH24:MI:SS'));-- 2차(RES054, 진료, 입원, 퇴원 X)
--김민지46
INSERT INTO RESERVATION_TBL(RES_ID, PER_ID, HOS_ID, VAC_ID, RES_DATE) VALUES ('RES089', '100609-4122511', 'HOS001', 'VAC004', TO_DATE('2022-03-21 16:36:34', 'YYYY-MM-DD HH24:MI:SS'));-- 1차(RES46 접종만 완료.), 2차(진료)
INSERT INTO RESERVATION_TBL(RES_ID, PER_ID, HOS_ID, VAC_ID, RES_DATE) VALUES ('RES098', '100609-4122511', 'HOS015', 'VAC003', TO_DATE('2022-05-02 14:35:42', 'YYYY-MM-DD HH24:MI:SS'));-- 2차(RES055, 진료)
INSERT INTO RESERVATION_TBL(RES_ID, PER_ID, HOS_ID, VAC_ID, RES_DATE) VALUES ('RES104', '100609-4122511', 'HOS004', 'VAC005', TO_DATE('2022-07-02 12:44:14', 'YYYY-MM-DD HH24:MI:SS'));-- 3차(RES061, 예약만 하고 접종 안 함.)
--김민석47
INSERT INTO RESERVATION_TBL(RES_ID, PER_ID, HOS_ID, VAC_ID, RES_DATE) VALUES ('RES090', '950818-1120292', 'HOS015', 'VAC004', TO_DATE('2022-03-21 17:20:02', 'YYYY-MM-DD HH24:MI:SS'));-- 1차(RES47 접종만 완료.), 2차(진료)
INSERT INTO RESERVATION_TBL(RES_ID, PER_ID, HOS_ID, VAC_ID, RES_DATE) VALUES ('RES099', '950818-1120292', 'HOS002', 'VAC002', TO_DATE('2022-05-04 16:24:33', 'YYYY-MM-DD HH24:MI:SS'));-- 2차(RES056 접종만 완료)
--김민석48
INSERT INTO RESERVATION_TBL(RES_ID, PER_ID, HOS_ID, VAC_ID, RES_DATE) VALUES ('RES091', '620302-1165552', 'HOS005', 'VAC003', TO_DATE('2022-03-27 12:29:18', 'YYYY-MM-DD HH24:MI:SS'));-- 1차(RES48, 진료, 입원, 퇴원 X)
--김민석49
INSERT INTO RESERVATION_TBL(RES_ID, PER_ID, HOS_ID, VAC_ID, RES_DATE) VALUES ('RES092', '030922-3166485', 'HOS009', 'VAC002', TO_DATE('2022-03-28 09:11:41', 'YYYY-MM-DD HH24:MI:SS'));-- 1차(RES49), 2차(예약만 하고 접종 안 함.)
INSERT INTO RESERVATION_TBL(RES_ID, PER_ID, HOS_ID, VAC_ID, RES_DATE) VALUES ('RES100', '030922-3166485', 'HOS002', 'VAC002', TO_DATE('2022-05-04 16:24:33', 'YYYY-MM-DD HH24:MI:SS'));-- 2차(RES057, 예약만 하고 접종 안 함.)
--김민석50
INSERT INTO RESERVATION_TBL(RES_ID, PER_ID, HOS_ID, VAC_ID, RES_DATE) VALUES ('RES093', '570215-1164032', 'HOS006', 'VAC005', TO_DATE('2022-03-30 14:49:38', 'YYYY-MM-DD HH24:MI:SS'));-- 1차(RES50, 진료), 2차(예약도 안 함.)
--------------------------------------------------------------------------------------------------------------------------------------------------------------------

--------------------------------------------------------------------------------------------------------------------------------------------------------------------
CREATE TABLE INJECTION_TBL ( -- 접종 완료
	RES_ID			CHAR(6)			NOT NULL	PRIMARY KEY,		-- 접종 ID
	INJ_DATE		DATE			NOT NULL,				-- 접종일
	INJ_CNT			NUMBER			NOT NULL				-- 접종 차수
);

INSERT INTO INJECTION_TBL(RES_ID, INJ_DATE, INJ_CNT) VALUES('RES001', TO_DATE('2022-03-02 11:42:42', 'YYYY-MM-DD HH24:MI:SS'), 1);
INSERT INTO INJECTION_TBL(RES_ID, INJ_DATE, INJ_CNT) VALUES('RES002', TO_DATE('2022-03-03 11:42:42', 'YYYY-MM-DD HH24:MI:SS'), 1);
INSERT INTO INJECTION_TBL(RES_ID, INJ_DATE, INJ_CNT) VALUES('RES003', TO_DATE('2022-03-03 11:42:42', 'YYYY-MM-DD HH24:MI:SS'), 1);
INSERT INTO INJECTION_TBL(RES_ID, INJ_DATE, INJ_CNT) VALUES('RES004', TO_DATE('2022-03-04 11:42:42', 'YYYY-MM-DD HH24:MI:SS'), 1);
INSERT INTO INJECTION_TBL(RES_ID, INJ_DATE, INJ_CNT) VALUES('RES005', TO_DATE('2022-03-05 11:42:42', 'YYYY-MM-DD HH24:MI:SS'), 1);
INSERT INTO INJECTION_TBL(RES_ID, INJ_DATE, INJ_CNT) VALUES('RES006', TO_DATE('2022-03-06 11:42:42', 'YYYY-MM-DD HH24:MI:SS'), 1);
INSERT INTO INJECTION_TBL(RES_ID, INJ_DATE, INJ_CNT) VALUES('RES007', TO_DATE('2022-03-07 11:42:42', 'YYYY-MM-DD HH24:MI:SS'), 1);
INSERT INTO INJECTION_TBL(RES_ID, INJ_DATE, INJ_CNT) VALUES('RES008', TO_DATE('2022-03-08 11:42:42', 'YYYY-MM-DD HH24:MI:SS'), 1);
INSERT INTO INJECTION_TBL(RES_ID, INJ_DATE, INJ_CNT) VALUES('RES009', TO_DATE('2022-03-08 11:42:42', 'YYYY-MM-DD HH24:MI:SS'), 1);
INSERT INTO INJECTION_TBL(RES_ID, INJ_DATE, INJ_CNT) VALUES('RES010', TO_DATE('2022-03-09 11:42:42', 'YYYY-MM-DD HH24:MI:SS'), 1);
INSERT INTO INJECTION_TBL(RES_ID, INJ_DATE, INJ_CNT) VALUES('RES011', TO_DATE('2022-03-10 11:42:42', 'YYYY-MM-DD HH24:MI:SS'), 2);
INSERT INTO INJECTION_TBL(RES_ID, INJ_DATE, INJ_CNT) VALUES('RES012', TO_DATE('2022-03-11 11:42:42', 'YYYY-MM-DD HH24:MI:SS'), 2);
INSERT INTO INJECTION_TBL(RES_ID, INJ_DATE, INJ_CNT) VALUES('RES013', TO_DATE('2022-03-11 11:42:42', 'YYYY-MM-DD HH24:MI:SS'), 2);
INSERT INTO INJECTION_TBL(RES_ID, INJ_DATE, INJ_CNT) VALUES('RES014', TO_DATE('2022-03-12 11:42:42', 'YYYY-MM-DD HH24:MI:SS'), 2);
-- RES015 예약하고 안옴
INSERT INTO INJECTION_TBL(RES_ID, INJ_DATE, INJ_CNT) VALUES('RES016', TO_DATE('2022-03-19 11:42:42', 'YYYY-MM-DD HH24:MI:SS'), 3);
--김민석11
INSERT INTO INJECTION_TBL(RES_ID, INJ_DATE, INJ_CNT) VALUES('RES017', TO_DATE('2022-03-10 15:12:35', 'YYYY-MM-DD HH24:MI:SS'), 1);
INSERT INTO INJECTION_TBL(RES_ID, INJ_DATE, INJ_CNT) VALUES('RES026', TO_DATE('2022-06-16 09:56:31', 'YYYY-MM-DD HH24:MI:SS'), 2);
INSERT INTO INJECTION_TBL(RES_ID, INJ_DATE, INJ_CNT) VALUES('RES033', TO_DATE('2022-09-19 11:42:42', 'YYYY-MM-DD HH24:MI:SS'), 3);
--김민석12
INSERT INTO INJECTION_TBL(RES_ID, INJ_DATE, INJ_CNT) VALUES('RES018', TO_DATE('2022-03-10 15:44:12', 'YYYY-MM-DD HH24:MI:SS'), 1);
INSERT INTO INJECTION_TBL(RES_ID, INJ_DATE, INJ_CNT) VALUES('RES027', TO_DATE('2022-06-22 12:12:21', 'YYYY-MM-DD HH24:MI:SS'), 2);
INSERT INTO INJECTION_TBL(RES_ID, INJ_DATE, INJ_CNT) VALUES('RES034', TO_DATE('2022-09-25 14:54:11', 'YYYY-MM-DD HH24:MI:SS'), 3);
--김민지13
INSERT INTO INJECTION_TBL(RES_ID, INJ_DATE, INJ_CNT) VALUES('RES019', TO_DATE('2022-03-12 10:44:33', 'YYYY-MM-DD HH24:MI:SS'), 1);
--김민지14
INSERT INTO INJECTION_TBL(RES_ID, INJ_DATE, INJ_CNT) VALUES('RES020', TO_DATE('2022-03-13 12:14:03', 'YYYY-MM-DD HH24:MI:SS'), 1);
INSERT INTO INJECTION_TBL(RES_ID, INJ_DATE, INJ_CNT) VALUES('RES028', TO_DATE('2022-06-14 10:45:25', 'YYYY-MM-DD HH24:MI:SS'), 2);
--김민석15
INSERT INTO INJECTION_TBL(RES_ID, INJ_DATE, INJ_CNT) VALUES('RES021', TO_DATE('2022-03-13 12:14:56', 'YYYY-MM-DD HH24:MI:SS'), 1);
INSERT INTO INJECTION_TBL(RES_ID, INJ_DATE, INJ_CNT) VALUES('RES029', TO_DATE('2022-06-14 11:16:33', 'YYYY-MM-DD HH24:MI:SS'), 2);
INSERT INTO INJECTION_TBL(RES_ID, INJ_DATE, INJ_CNT) VALUES('RES035', TO_DATE('2022-09-23 14:24:02', 'YYYY-MM-DD HH24:MI:SS'), 3);
--김민석16
INSERT INTO INJECTION_TBL(RES_ID, INJ_DATE, INJ_CNT) VALUES('RES022', TO_DATE('2022-03-23 11:14:51', 'YYYY-MM-DD HH24:MI:SS'), 1);
INSERT INTO INJECTION_TBL(RES_ID, INJ_DATE, INJ_CNT) VALUES('RES030', TO_DATE('2022-06-23 12:11:56', 'YYYY-MM-DD HH24:MI:SS'), 2);
INSERT INTO INJECTION_TBL(RES_ID, INJ_DATE, INJ_CNT) VALUES('RES036', TO_DATE('2022-10-02 11:14:16', 'YYYY-MM-DD HH24:MI:SS'), 3);
--김민지18
INSERT INTO INJECTION_TBL(RES_ID, INJ_DATE, INJ_CNT) VALUES('RES023', TO_DATE('2022-03-25 13:19:58', 'YYYY-MM-DD HH24:MI:SS'), 1);
INSERT INTO INJECTION_TBL(RES_ID, INJ_DATE, INJ_CNT) VALUES('RES031', TO_DATE('2022-06-24 15:34:06', 'YYYY-MM-DD HH24:MI:SS'), 2);
INSERT INTO INJECTION_TBL(RES_ID, INJ_DATE, INJ_CNT) VALUES('RES037', TO_DATE('2022-09-30 14:13:26', 'YYYY-MM-DD HH24:MI:SS'), 3);
--김민석19
INSERT INTO INJECTION_TBL(RES_ID, INJ_DATE, INJ_CNT) VALUES('RES024', TO_DATE('2022-03-30 09:33:29', 'YYYY-MM-DD HH24:MI:SS'), 3);
--김민석20
INSERT INTO INJECTION_TBL(RES_ID, INJ_DATE, INJ_CNT) VALUES('RES025', TO_DATE('2022-03-25 13:19:48', 'YYYY-MM-DD HH24:MI:SS'), 1);
INSERT INTO INJECTION_TBL(RES_ID, INJ_DATE, INJ_CNT) VALUES('RES032', TO_DATE('2022-06-24 15:44:16', 'YYYY-MM-DD HH24:MI:SS'), 2);
INSERT INTO INJECTION_TBL(RES_ID, INJ_DATE, INJ_CNT) VALUES('RES038', TO_DATE('2022-09-30 14:18:21', 'YYYY-MM-DD HH24:MI:SS'), 3);
INSERT INTO INJECTION_TBL(RES_ID, INJ_DATE, INJ_CNT) VALUES('RES040', TO_DATE('2022-03-06 10:30:00', 'YYYY-MM-DD HH24:MI:SS'), 1);
INSERT INTO INJECTION_TBL(RES_ID, INJ_DATE, INJ_CNT) VALUES('RES041', TO_DATE('2022-03-06 10:40:00', 'YYYY-MM-DD HH24:MI:SS'), 1);
INSERT INTO INJECTION_TBL(RES_ID, INJ_DATE, INJ_CNT) VALUES('RES042', TO_DATE('2022-03-06 10:50:00', 'YYYY-MM-DD HH24:MI:SS'), 1);
INSERT INTO INJECTION_TBL(RES_ID, INJ_DATE, INJ_CNT) VALUES('RES043', TO_DATE('2022-03-07 09:00:00', 'YYYY-MM-DD HH24:MI:SS'), 1);
INSERT INTO INJECTION_TBL(RES_ID, INJ_DATE, INJ_CNT) VALUES('RES044', TO_DATE('2022-03-07 09:40:00', 'YYYY-MM-DD HH24:MI:SS'), 1);
INSERT INTO INJECTION_TBL(RES_ID, INJ_DATE, INJ_CNT) VALUES('RES045', TO_DATE('2022-03-08 10:00:00', 'YYYY-MM-DD HH24:MI:SS'), 1);
INSERT INTO INJECTION_TBL(RES_ID, INJ_DATE, INJ_CNT) VALUES('RES046', TO_DATE('2022-03-08 10:40:00', 'YYYY-MM-DD HH24:MI:SS'), 1);
INSERT INTO INJECTION_TBL(RES_ID, INJ_DATE, INJ_CNT) VALUES('RES047', TO_DATE('2022-03-09 13:20:00', 'YYYY-MM-DD HH24:MI:SS'), 1);
INSERT INTO INJECTION_TBL(RES_ID, INJ_DATE, INJ_CNT) VALUES('RES048', TO_DATE('2022-03-11 10:20:00', 'YYYY-MM-DD HH24:MI:SS'), 1);
INSERT INTO INJECTION_TBL(RES_ID, INJ_DATE, INJ_CNT) VALUES('RES049', TO_DATE('2022-03-11 11:20:00', 'YYYY-MM-DD HH24:MI:SS'), 2);
INSERT INTO INJECTION_TBL(RES_ID, INJ_DATE, INJ_CNT) VALUES('RES050', TO_DATE('2022-03-11 12:20:00', 'YYYY-MM-DD HH24:MI:SS'), 2);
INSERT INTO INJECTION_TBL(RES_ID, INJ_DATE, INJ_CNT) VALUES('RES051', TO_DATE('2022-03-12 09:40:00', 'YYYY-MM-DD HH24:MI:SS'), 2);
INSERT INTO INJECTION_TBL(RES_ID, INJ_DATE, INJ_CNT) VALUES('RES052', TO_DATE('2022-03-12 10:40:00', 'YYYY-MM-DD HH24:MI:SS'), 2);
INSERT INTO INJECTION_TBL(RES_ID, INJ_DATE, INJ_CNT) VALUES('RES054', TO_DATE('2022-03-13 11:40:00', 'YYYY-MM-DD HH24:MI:SS'), 2);
INSERT INTO INJECTION_TBL(RES_ID, INJ_DATE, INJ_CNT) VALUES('RES055', TO_DATE('2022-03-13 12:20:00', 'YYYY-MM-DD HH24:MI:SS'), 2);
INSERT INTO INJECTION_TBL(RES_ID, INJ_DATE, INJ_CNT) VALUES('RES056', TO_DATE('2022-03-13 14:20:00', 'YYYY-MM-DD HH24:MI:SS'), 2);
INSERT INTO INJECTION_TBL(RES_ID, INJ_DATE, INJ_CNT) VALUES('RES057', TO_DATE('2022-03-22 10:20:00', 'YYYY-MM-DD HH24:MI:SS'), 2);
INSERT INTO INJECTION_TBL(RES_ID, INJ_DATE, INJ_CNT) VALUES('RES058', TO_DATE('2022-03-22 11:20:00', 'YYYY-MM-DD HH24:MI:SS'), 3);
INSERT INTO INJECTION_TBL(RES_ID, INJ_DATE, INJ_CNT) VALUES('RES059', TO_DATE('2022-03-23 13:40:00', 'YYYY-MM-DD HH24:MI:SS'), 3);
INSERT INTO INJECTION_TBL(RES_ID, INJ_DATE, INJ_CNT) VALUES('RES053', TO_DATE('2022-03-23 15:20:00', 'YYYY-MM-DD HH24:MI:SS'), 2);
INSERT INTO INJECTION_TBL(RES_ID, INJ_DATE, INJ_CNT) VALUES('RES060', TO_DATE('2022-03-24 09:10:00', 'YYYY-MM-DD HH24:MI:SS'), 3);
INSERT INTO INJECTION_TBL(RES_ID, INJ_DATE, INJ_CNT) VALUES('RES061', TO_DATE('2022-03-24 13:50:00', 'YYYY-MM-DD HH24:MI:SS'), 3);
--31~40 INJECTION 1차 (36: 예약만하고 안맞은놈)
INSERT INTO INJECTION_TBL(RES_ID, INJ_DATE, INJ_CNT) VALUES('RES062', TO_DATE('2022-03-02 11:40:00', 'YYYY-MM-DD HH24:MI:SS'), 1);
INSERT INTO INJECTION_TBL(RES_ID, INJ_DATE, INJ_CNT) VALUES('RES063', TO_DATE('2022-03-03 11:30:00', 'YYYY-MM-DD HH24:MI:SS'), 1);
INSERT INTO INJECTION_TBL(RES_ID, INJ_DATE, INJ_CNT) VALUES('RES064', TO_DATE('2022-03-15 13:10:00', 'YYYY-MM-DD HH24:MI:SS'), 1);
INSERT INTO INJECTION_TBL(RES_ID, INJ_DATE, INJ_CNT) VALUES('RES065', TO_DATE('2022-03-07 13:20:00', 'YYYY-MM-DD HH24:MI:SS'), 1);
INSERT INTO INJECTION_TBL(RES_ID, INJ_DATE, INJ_CNT) VALUES('RES066', TO_DATE('2022-03-23 15:15:00', 'YYYY-MM-DD HH24:MI:SS'), 1);
INSERT INTO INJECTION_TBL(RES_ID, INJ_DATE, INJ_CNT) VALUES('RES068', TO_DATE('2022-03-18 16:05:00', 'YYYY-MM-DD HH24:MI:SS'), 1);
INSERT INTO INJECTION_TBL(RES_ID, INJ_DATE, INJ_CNT) VALUES('RES069', TO_DATE('2022-03-23 12:38:00', 'YYYY-MM-DD HH24:MI:SS'), 1);
INSERT INTO INJECTION_TBL(RES_ID, INJ_DATE, INJ_CNT) VALUES('RES070', TO_DATE('2022-03-01 17:55:00', 'YYYY-MM-DD HH24:MI:SS'), 1);
--31~40 INJECTION 2차 (36: 예약만하고 또 안맞은놈)
INSERT INTO INJECTION_TBL(RES_ID, INJ_DATE, INJ_CNT) VALUES('RES071', TO_DATE('2022-06-02 12:30:00', 'YYYY-MM-DD HH24:MI:SS'), 2);
INSERT INTO INJECTION_TBL(RES_ID, INJ_DATE, INJ_CNT) VALUES('RES072', TO_DATE('2022-06-03 11:00:00', 'YYYY-MM-DD HH24:MI:SS'), 2);
INSERT INTO INJECTION_TBL(RES_ID, INJ_DATE, INJ_CNT) VALUES('RES073', TO_DATE('2022-06-20 12:38:00', 'YYYY-MM-DD HH24:MI:SS'), 2);
INSERT INTO INJECTION_TBL(RES_ID, INJ_DATE, INJ_CNT) VALUES('RES074', TO_DATE('2022-06-07 14:22:00', 'YYYY-MM-DD HH24:MI:SS'), 2);
INSERT INTO INJECTION_TBL(RES_ID, INJ_DATE, INJ_CNT) VALUES('RES075', TO_DATE('2022-06-15 11:13:00', 'YYYY-MM-DD HH24:MI:SS'), 2);
INSERT INTO INJECTION_TBL(RES_ID, INJ_DATE, INJ_CNT) VALUES('RES077', TO_DATE('2022-05-25 11:24:00', 'YYYY-MM-DD HH24:MI:SS'), 2);
INSERT INTO INJECTION_TBL(RES_ID, INJ_DATE, INJ_CNT) VALUES('RES078', TO_DATE('2022-06-22 11:37:00', 'YYYY-MM-DD HH24:MI:SS'), 2);
INSERT INTO INJECTION_TBL(RES_ID, INJ_DATE, INJ_CNT) VALUES('RES079', TO_DATE('2022-06-07 12:01:00', 'YYYY-MM-DD HH24:MI:SS'), 2);
--31~40 INJECTION 3차
INSERT INTO INJECTION_TBL(RES_ID, INJ_DATE, INJ_CNT) VALUES('RES080', TO_DATE('2022-09-12 09:30:00', 'YYYY-MM-DD HH24:MI:SS'), 3);
INSERT INTO INJECTION_TBL(RES_ID, INJ_DATE, INJ_CNT) VALUES('RES081', TO_DATE('2022-09-13 09:50:00', 'YYYY-MM-DD HH24:MI:SS'), 3);
INSERT INTO INJECTION_TBL(RES_ID, INJ_DATE, INJ_CNT) VALUES('RES082', TO_DATE('2022-09-14 09:40:00', 'YYYY-MM-DD HH24:MI:SS'), 3);
INSERT INTO INJECTION_TBL(RES_ID, INJ_DATE, INJ_CNT) VALUES('RES083', TO_DATE('2022-09-15 10:50:00', 'YYYY-MM-DD HH24:MI:SS'), 3);
----------------------------
INSERT INTO INJECTION_TBL(RES_ID, INJ_DATE, INJ_CNT) VALUES('RES084', TO_DATE('2022-03-06 09:11:41', 'YYYY-MM-DD HH24:MI:SS'), 1);-- 1차(RES41, 진료, 입원, 퇴원)
INSERT INTO INJECTION_TBL(RES_ID, INJ_DATE, INJ_CNT) VALUES('RES085', TO_DATE('2022-03-11 12:29:18', 'YYYY-MM-DD HH24:MI:SS'), 1);-- 1차(RES42)
INSERT INTO INJECTION_TBL(RES_ID, INJ_DATE, INJ_CNT) VALUES('RES086', TO_DATE('2022-03-14 13:30:01', 'YYYY-MM-DD HH24:MI:SS'), 1);-- 1차(RES43, 진료, 입원, 퇴원)
INSERT INTO INJECTION_TBL(RES_ID, INJ_DATE, INJ_CNT) VALUES('RES088', TO_DATE('2022-03-21 17:44:15', 'YYYY-MM-DD HH24:MI:SS'), 1);-- 1차(RES45, 진료, 입원, 퇴원)
INSERT INTO INJECTION_TBL(RES_ID, INJ_DATE, INJ_CNT) VALUES('RES089', TO_DATE('2022-03-23 16:21:52', 'YYYY-MM-DD HH24:MI:SS'), 1);-- 1차(RES46)
INSERT INTO INJECTION_TBL(RES_ID, INJ_DATE, INJ_CNT) VALUES('RES090', TO_DATE('2022-03-25 14:48:41', 'YYYY-MM-DD HH24:MI:SS'), 1);-- 1차(RES47)
INSERT INTO INJECTION_TBL(RES_ID, INJ_DATE, INJ_CNT) VALUES('RES091', TO_DATE('2022-03-28 15:59:12', 'YYYY-MM-DD HH24:MI:SS'), 1);-- 1차(RES48, 진료, 입원, 퇴원 X)
INSERT INTO INJECTION_TBL(RES_ID, INJ_DATE, INJ_CNT) VALUES('RES092', TO_DATE('2022-03-29 10:41:50', 'YYYY-MM-DD HH24:MI:SS'), 1);-- 1차(RES49)
INSERT INTO INJECTION_TBL(RES_ID, INJ_DATE, INJ_CNT) VALUES('RES093', TO_DATE('2022-03-31 11:35:39', 'YYYY-MM-DD HH24:MI:SS'), 1);-- 1차(RES50, 진료)

INSERT INTO INJECTION_TBL(RES_ID, INJ_DATE, INJ_CNT) VALUES('RES094', TO_DATE('2022-05-02 11:35:39', 'YYYY-MM-DD HH24:MI:SS'), 2);--2차(RES051, 진료, 입원, 퇴원)
INSERT INTO INJECTION_TBL(RES_ID, INJ_DATE, INJ_CNT) VALUES('RES095', TO_DATE('2022-05-04 15:22:09', 'YYYY-MM-DD HH24:MI:SS'), 2);--2차(RES052, 진료, 입원, 퇴원)
INSERT INTO INJECTION_TBL(RES_ID, INJ_DATE, INJ_CNT) VALUES('RES096', TO_DATE('2022-05-04 10:31:19', 'YYYY-MM-DD HH24:MI:SS'), 2);--2차(RES053, 진료, 입원, 퇴원)
INSERT INTO INJECTION_TBL(RES_ID, INJ_DATE, INJ_CNT) VALUES('RES097', TO_DATE('2022-05-02 14:13:22', 'YYYY-MM-DD HH24:MI:SS'), 2);--2차(RES054, 진료, 입원, 퇴원 X)
INSERT INTO INJECTION_TBL(RES_ID, INJ_DATE, INJ_CNT) VALUES('RES098', TO_DATE('2022-05-03 16:29:36', 'YYYY-MM-DD HH24:MI:SS'), 2);--2차(RES055, 진료)
INSERT INTO INJECTION_TBL(RES_ID, INJ_DATE, INJ_CNT) VALUES('RES099', TO_DATE('2022-05-05 17:19:22', 'YYYY-MM-DD HH24:MI:SS'), 2);--2차(RES056)

INSERT INTO INJECTION_TBL(RES_ID, INJ_DATE, INJ_CNT) VALUES('RES101', TO_DATE('2022-07-02 12:21:09', 'YYYY-MM-DD HH24:MI:SS'), 3);--3차(RES058, 진료, 입원, 퇴원)
INSERT INTO INJECTION_TBL(RES_ID, INJ_DATE, INJ_CNT) VALUES('RES102', TO_DATE('2022-07-04 14:32:19', 'YYYY-MM-DD HH24:MI:SS'), 3);--3차(RES059, 진료, 입원, 퇴원 X)
INSERT INTO INJECTION_TBL(RES_ID, INJ_DATE, INJ_CNT) VALUES('RES103', TO_DATE('2022-07-05 15:11:22', 'YYYY-MM-DD HH24:MI:SS'), 3);--3차(RES060, 진료)


--------------------------------------------------------------------------------------------------------------------------------------------------------------------
--ROLLBACK;
--------------------------------------------------------------------------------------------------------------------------------------------------------------------
CREATE TABLE PATIENT_TBL( -- 병원 방문자
	PAT_ID          		CHAR(6)         		NOT NULL	PRIMARY KEY,		-- 방문자ID
	PER_ID          		VARCHAR2(20)    		NOT NULL,				-- 사람 ID
	PAT_SYMP_GRP    	CHAR(6)        		NOT NULL,				-- 증상 GRP
	PAT_SYMP        		CHAR(6)         		NOT NULL,				-- 증상	
	PAT_IN_DATE     		DATE            		NOT NULL,				-- 방문일
	HOS_ID          		CHAR(6)        		NOT NULL				-- 병원 ID
);

--김민석1
INSERT INTO PATIENT_TBL(PAT_ID, PER_ID, PAT_SYMP_GRP, PAT_SYMP, PAT_IN_DATE, HOS_ID) VALUES('PAT001', '950403-1129471', 'GRP003', 'COM202', TO_DATE('2022-03-13 09:03:19', 'YYYY-MM-DD HH24:MI:SS'), 'HOS001');
--김민석4
INSERT INTO PATIENT_TBL(PAT_ID, PER_ID, PAT_SYMP_GRP, PAT_SYMP, PAT_IN_DATE, HOS_ID) VALUES('PAT002', '990912-1263322', 'GRP003', 'COM203', TO_DATE('2022-03-20 09:03:19', 'YYYY-MM-DD HH24:MI:SS'), 'HOS001');
--김민석5
INSERT INTO PATIENT_TBL(PAT_ID, PER_ID, PAT_SYMP_GRP, PAT_SYMP, PAT_IN_DATE, HOS_ID) VALUES('PAT003', '000530-3195952', 'GRP003', 'COM203', TO_DATE('2022-03-08 09:03:19', 'YYYY-MM-DD HH24:MI:SS'), 'HOS003');
--김민지6
INSERT INTO PATIENT_TBL(PAT_ID, PER_ID, PAT_SYMP_GRP, PAT_SYMP, PAT_IN_DATE, HOS_ID) VALUES('PAT004', '690129-2125445', 'GRP003', 'COM203', TO_DATE('2022-03-09 09:03:19', 'YYYY-MM-DD HH24:MI:SS'), 'HOS004');
--김민지7
INSERT INTO PATIENT_TBL(PAT_ID, PER_ID, PAT_SYMP_GRP, PAT_SYMP, PAT_IN_DATE, HOS_ID) VALUES('PAT005', '530616-2123669', 'GRP003', 'COM204', TO_DATE('2022-03-10 09:03:19', 'YYYY-MM-DD HH24:MI:SS'), 'HOS005');
------------------------
--김민지13
INSERT INTO PATIENT_TBL(PAT_ID, PER_ID, PAT_SYMP_GRP, PAT_SYMP, PAT_IN_DATE, HOS_ID) VALUES('PAT006', '060515-4125681', 'GRP003', 'COM210', TO_DATE('2022-03-15 09:03:19', 'YYYY-MM-DD HH24:MI:SS'), 'HOS014');
--김민지14
INSERT INTO PATIENT_TBL(PAT_ID, PER_ID, PAT_SYMP_GRP, PAT_SYMP, PAT_IN_DATE, HOS_ID) VALUES('PAT007', '550125-2120283', 'GRP003', 'COM210', TO_DATE('2022-03-25 11:23:00', 'YYYY-MM-DD HH24:MI:SS') ,'HOS011');
INSERT INTO PATIENT_TBL(PAT_ID, PER_ID, PAT_SYMP_GRP, PAT_SYMP, PAT_IN_DATE, HOS_ID) VALUES('PAT012', '550125-2120283', 'GRP003', 'COM210', TO_DATE('2022-06-15 12:03:00', 'YYYY-MM-DD HH24:MI:SS'), 'HOS011');
--김민석15
INSERT INTO PATIENT_TBL(PAT_ID, PER_ID, PAT_SYMP_GRP, PAT_SYMP, PAT_IN_DATE, HOS_ID) VALUES('PAT008', '880515-1165552', 'GRP003', 'COM203', TO_DATE('2022-09-25 14:53:22', 'YYYY-MM-DD HH24:MI:SS'), 'HOS005');
--김민석16
INSERT INTO PATIENT_TBL(PAT_ID, PER_ID, PAT_SYMP_GRP, PAT_SYMP, PAT_IN_DATE, HOS_ID) VALUES('PAT009', '010322-3122175', 'GRP003', 'COM203', TO_DATE('2022-06-25 10:13:25', 'YYYY-MM-DD HH24:MI:SS'), 'HOS008');
INSERT INTO PATIENT_TBL(PAT_ID, PER_ID, PAT_SYMP_GRP, PAT_SYMP, PAT_IN_DATE, HOS_ID) VALUES('PAT013', '010322-3122175', 'GRP003', 'COM210', TO_DATE('2022-10-08 14:58:28', 'YYYY-MM-DD HH24:MI:SS'), 'HOS013');
--김민석19
INSERT INTO PATIENT_TBL(PAT_ID, PER_ID, PAT_SYMP_GRP, PAT_SYMP, PAT_IN_DATE, HOS_ID) VALUES('PAT010', '000411-3124560', 'GRP003', 'COM210', TO_DATE('2022-04-03 14:58:28', 'YYYY-MM-DD HH24:MI:SS'), 'HOS007');
--김민석20
INSERT INTO PATIENT_TBL(PAT_ID, PER_ID, PAT_SYMP_GRP, PAT_SYMP, PAT_IN_DATE, HOS_ID) VALUES('PAT011', '990412-1145032', 'GRP003', 'COM203', TO_DATE('2022-06-30 11:51:33', 'YYYY-MM-DD HH24:MI:SS'), 'HOS002');
--김민지22
INSERT INTO PATIENT_TBL(PAT_ID, PER_ID, PAT_SYMP_GRP, PAT_SYMP, PAT_IN_DATE, HOS_ID) VALUES('PAT015', '560325-2699543', 'GRP003', 'COM201', TO_DATE('2022-03-15 13:10:00', 'YYYY-MM-DD HH24:MI:SS'), 'HOS006');
--김민석25
INSERT INTO PATIENT_TBL(PAT_ID, PER_ID, PAT_SYMP_GRP, PAT_SYMP, PAT_IN_DATE, HOS_ID) VALUES('PAT016', '810527-1315586', 'GRP003', 'COM202', TO_DATE('2022-03-16 13:40:00', 'YYYY-MM-DD HH24:MI:SS'), 'HOS008');
--김민지26
INSERT INTO PATIENT_TBL(PAT_ID, PER_ID, PAT_SYMP_GRP, PAT_SYMP, PAT_IN_DATE, HOS_ID) VALUES('PAT014', '990510-2265882', 'GRP003', 'COM203', TO_DATE('2022-03-11 15:30:00', 'YYYY-MM-DD HH24:MI:SS'), 'HOS008');
--김민지27
INSERT INTO PATIENT_TBL(PAT_ID, PER_ID, PAT_SYMP_GRP, PAT_SYMP, PAT_IN_DATE, HOS_ID) VALUES('PAT017', '500125-2556315', 'GRP003', 'COM203', TO_DATE('2022-03-17 11:50:00', 'YYYY-MM-DD HH24:MI:SS'), 'HOS013');
--김민석29
INSERT INTO PATIENT_TBL(PAT_ID, PER_ID, PAT_SYMP_GRP, PAT_SYMP, PAT_IN_DATE, HOS_ID) VALUES('PAT018', '750609-1115032', 'GRP003', 'COM203', TO_DATE('2022-03-26 12:20:00', 'YYYY-MM-DD HH24:MI:SS'), 'HOS013');
--31: 2차 맞고 소화
INSERT INTO PATIENT_TBL(PAT_ID, PER_ID, PAT_SYMP_GRP, PAT_SYMP, PAT_IN_DATE, HOS_ID) VALUES('PAT022', '940808-2125225', 'GRP003', 'COM205', TO_DATE('2022-06-07 09:23:20', 'YYYY-MM-DD HH24:MI:SS'), 'HOS006');
--32 : 3차 맞고 신경
INSERT INTO PATIENT_TBL(PAT_ID, PER_ID, PAT_SYMP_GRP, PAT_SYMP, PAT_IN_DATE, HOS_ID) VALUES('PAT023', '690503-2122532', 'GRP003', 'COM208', TO_DATE('2022-09-14 09:23:20', 'YYYY-MM-DD HH24:MI:SS'), 'HOS004');
--34: 1차 맞고 근육통
INSERT INTO PATIENT_TBL(PAT_ID, PER_ID, PAT_SYMP_GRP, PAT_SYMP, PAT_IN_DATE, HOS_ID) VALUES('PAT019', '090526-3451421', 'GRP003', 'COM204', TO_DATE('2022-03-22 09:23:20', 'YYYY-MM-DD HH24:MI:SS'), 'HOS006');
--35 : 1차 맞고 호흡기
INSERT INTO PATIENT_TBL(PAT_ID, PER_ID, PAT_SYMP_GRP, PAT_SYMP, PAT_IN_DATE, HOS_ID) VALUES('PAT020', '770115-2211513', 'GRP003', 'COM203', TO_DATE('2022-03-08 09:23:20', 'YYYY-MM-DD HH24:MI:SS'), 'HOS004');
--37 : 1차 맞고 피부
INSERT INTO PATIENT_TBL(PAT_ID, PER_ID, PAT_SYMP_GRP, PAT_SYMP, PAT_IN_DATE, HOS_ID) VALUES('PAT021', '551102-1126192', 'GRP003', 'COM209', TO_DATE('2022-03-04 09:23:20', 'YYYY-MM-DD HH24:MI:SS'), 'HOS012');
--김민석41
INSERT INTO PATIENT_TBL(PAT_ID, PER_ID, PAT_SYMP_GRP, PAT_SYMP, PAT_IN_DATE, HOS_ID) VALUES('PAT024', '960930-1165951', 'GRP003', 'COM208', TO_DATE('2022-04-01 10:13:42', 'YYYY-MM-DD HH24:MI:SS'), 'HOS003'); -- 1차(RES41, 진료, 입원, 퇴원)
INSERT INTO PATIENT_TBL(PAT_ID, PER_ID, PAT_SYMP_GRP, PAT_SYMP, PAT_IN_DATE, HOS_ID) VALUES('PAT029', '960930-1165951', 'GRP003', 'COM202', TO_DATE('2022-05-03 09:23:20', 'YYYY-MM-DD HH24:MI:SS'), 'HOS008');
INSERT INTO PATIENT_TBL(PAT_ID, PER_ID, PAT_SYMP_GRP, PAT_SYMP, PAT_IN_DATE, HOS_ID) VALUES('PAT034', '960930-1165951', 'GRP003', 'COM211', TO_DATE('2022-07-03 11:22:11', 'YYYY-MM-DD HH24:MI:SS'), 'HOS003');
--김민석42
INSERT INTO PATIENT_TBL(PAT_ID, PER_ID, PAT_SYMP_GRP, PAT_SYMP, PAT_IN_DATE, HOS_ID) VALUES('PAT030', '020812-1145132', 'GRP003', 'COM205', TO_DATE('2022-05-05 10:54:13', 'YYYY-MM-DD HH24:MI:SS'), 'HOS004');
INSERT INTO PATIENT_TBL(PAT_ID, PER_ID, PAT_SYMP_GRP, PAT_SYMP, PAT_IN_DATE, HOS_ID) VALUES('PAT035', '020812-1145132', 'GRP003', 'COM211', TO_DATE('2022-07-04 17:32:52', 'YYYY-MM-DD HH24:MI:SS'), 'HOS007');
--김민지43
INSERT INTO PATIENT_TBL(PAT_ID, PER_ID, PAT_SYMP_GRP, PAT_SYMP, PAT_IN_DATE, HOS_ID) VALUES('PAT025', '701209-2122572', 'GRP003', 'COM202', TO_DATE('2022-04-02 09:01:35', 'YYYY-MM-DD HH24:MI:SS'), 'HOS004'); -- 1차(RES43, 진료, 입원, 퇴원)
INSERT INTO PATIENT_TBL(PAT_ID, PER_ID, PAT_SYMP_GRP, PAT_SYMP, PAT_IN_DATE, HOS_ID) VALUES('PAT031', '701209-2122572', 'GRP003', 'COM207', TO_DATE('2022-05-05 11:21:21', 'YYYY-MM-DD HH24:MI:SS'), 'HOS012');
INSERT INTO PATIENT_TBL(PAT_ID, PER_ID, PAT_SYMP_GRP, PAT_SYMP, PAT_IN_DATE, HOS_ID) VALUES('PAT036', '701209-2122572', 'GRP003', 'COM211', TO_DATE('2022-07-06 12:41:33', 'YYYY-MM-DD HH24:MI:SS'), 'HOS011');
--김민지45
INSERT INTO PATIENT_TBL(PAT_ID, PER_ID, PAT_SYMP_GRP, PAT_SYMP, PAT_IN_DATE, HOS_ID) VALUES('PAT026', '010412-4302115', 'GRP003', 'COM212', TO_DATE('2022-04-01 12:49:43', 'YYYY-MM-DD HH24:MI:SS'), 'HOS011'); -- 1차(RES45, 진료, 입원, 퇴원)
INSERT INTO PATIENT_TBL(PAT_ID, PER_ID, PAT_SYMP_GRP, PAT_SYMP, PAT_IN_DATE, HOS_ID) VALUES('PAT032', '010412-4302115', 'GRP003', 'COM210', TO_DATE('2022-05-03 13:33:30', 'YYYY-MM-DD HH24:MI:SS'), 'HOS014');
--김민지46
INSERT INTO PATIENT_TBL(PAT_ID, PER_ID, PAT_SYMP_GRP, PAT_SYMP, PAT_IN_DATE, HOS_ID) VALUES('PAT033', '100609-4122511', 'GRP003', 'COM211', TO_DATE('2022-05-04 12:42:41', 'YYYY-MM-DD HH24:MI:SS'), 'HOS010');
--김민석48
INSERT INTO PATIENT_TBL(PAT_ID, PER_ID, PAT_SYMP_GRP, PAT_SYMP, PAT_IN_DATE, HOS_ID) VALUES('PAT027', '620302-1165552', 'GRP003', 'COM209', TO_DATE('2022-04-03 11:12:10', 'YYYY-MM-DD HH24:MI:SS'), 'HOS014'); -- 1차(RES48, 진료, 입원, 퇴원 X)
--김민석50
INSERT INTO PATIENT_TBL(PAT_ID, PER_ID, PAT_SYMP_GRP, PAT_SYMP, PAT_IN_DATE, HOS_ID) VALUES('PAT028', '570215-1164032', 'GRP003', 'COM206', TO_DATE('2022-04-04 09:54:20', 'YYYY-MM-DD HH24:MI:SS'), 'HOS007'); -- 1차(RES50, 진료)

--------------------------------------------------------------------------------------------------------------------------------------------------------------------

--------------------------------------------------------------------------------------------------------------------------------------------------------------------
CREATE TABLE TREAT_TBL ( -- 진료
	TRE_ID			CHAR(6)	        		NOT NULL	PRIMARY KEY,		-- 진료ID
	PAT_ID			CHAR(6)         		NOT NULL,				-- 방문자ID
	PER_ID			VARCHAR2(20)		NOT NULL,				-- 사람 ID
	DOC_ID			CHAR(6)			NOT NULL,				-- 의사 ID
	TRE_DATE		DATE			NOT NULL,				-- 진료일
	TRE_PAY			NUMBER	        		NOT NULL				-- 진료비
);

INSERT INTO TREAT_TBL (TRE_ID, PAT_ID, PER_ID, DOC_ID, TRE_DATE, TRE_PAY) VALUES('TRE001', 'PAT001', '950403-1129471', 'DOC001', TO_DATE('2022-03-13 15:05:08', 'YYYY-MM-DD HH24:MI:SS'), 5000);
INSERT INTO TREAT_TBL (TRE_ID, PAT_ID, PER_ID, DOC_ID, TRE_DATE, TRE_PAY) VALUES('TRE002', 'PAT002', '990912-1263322', 'DOC002', TO_DATE('2022-03-20 15:05:08', 'YYYY-MM-DD HH24:MI:SS'), 4000);
INSERT INTO TREAT_TBL (TRE_ID, PAT_ID, PER_ID, DOC_ID, TRE_DATE, TRE_PAY) VALUES('TRE003', 'PAT003', '000530-3195952', 'DOC005', TO_DATE('2022-03-08 15:05:08', 'YYYY-MM-DD HH24:MI:SS'), 5000);
INSERT INTO TREAT_TBL (TRE_ID, PAT_ID, PER_ID, DOC_ID, TRE_DATE, TRE_PAY) VALUES('TRE004', 'PAT004', '690129-2125445', 'DOC007', TO_DATE('2022-03-09 15:05:08', 'YYYY-MM-DD HH24:MI:SS'), 4000);
INSERT INTO TREAT_TBL (TRE_ID, PAT_ID, PER_ID, DOC_ID, TRE_DATE, TRE_PAY) VALUES('TRE005', 'PAT005', '530616-2123669', 'DOC009', TO_DATE('2022-03-10 15:05:08', 'YYYY-MM-DD HH24:MI:SS'), 6000);
--김민지13
INSERT INTO TREAT_TBL (TRE_ID, PAT_ID, PER_ID, DOC_ID, TRE_DATE, TRE_PAY) VALUES('TRE006', 'PAT006', '060515-4125681', 'DOC027', TO_DATE('2022-03-15 10:00:33', 'YYYY-MM-DD HH24:MI:SS'), 5000);
--김민지14
INSERT INTO TREAT_TBL (TRE_ID, PAT_ID, PER_ID, DOC_ID, TRE_DATE, TRE_PAY) VALUES('TRE007', 'PAT007', '550125-2120283', 'DOC022', TO_DATE('2022-03-25 11:55:47', 'YYYY-MM-DD HH24:MI:SS'), 5000);
INSERT INTO TREAT_TBL (TRE_ID, PAT_ID, PER_ID, DOC_ID, TRE_DATE, TRE_PAY) VALUES('TRE012', 'PAT012', '550125-2120283', 'DOC022', TO_DATE('2022-06-15 12:55:48', 'YYYY-MM-DD HH24:MI:SS'), 4000);
--김민석15
INSERT INTO TREAT_TBL (TRE_ID, PAT_ID, PER_ID, DOC_ID, TRE_DATE, TRE_PAY) VALUES('TRE008', 'PAT008', '880515-1165552', 'DOC009', TO_DATE('2022-09-25 15:05:08', 'YYYY-MM-DD HH24:MI:SS'), 5000);
--김민석16
INSERT INTO TREAT_TBL (TRE_ID, PAT_ID, PER_ID, DOC_ID, TRE_DATE, TRE_PAY) VALUES('TRE009', 'PAT009', '010322-3122175', 'DOC016', TO_DATE('2022-06-25 11:05:48', 'YYYY-MM-DD HH24:MI:SS'), 5000);
INSERT INTO TREAT_TBL (TRE_ID, PAT_ID, PER_ID, DOC_ID, TRE_DATE, TRE_PAY) VALUES('TRE013', 'PAT013', '010322-3122175', 'DOC025', TO_DATE('2022-10-08 15:07:41', 'YYYY-MM-DD HH24:MI:SS'), 6000);
--김민석19
INSERT INTO TREAT_TBL (TRE_ID, PAT_ID, PER_ID, DOC_ID, TRE_DATE, TRE_PAY) VALUES('TRE010', 'PAT010', '000411-3124560', 'DOC014', TO_DATE('2022-04-03 15:00:51', 'YYYY-MM-DD HH24:MI:SS'), 6000);
--김민석20
INSERT INTO TREAT_TBL (TRE_ID, PAT_ID, PER_ID, DOC_ID, TRE_DATE, TRE_PAY) VALUES('TRE011', 'PAT011', '990412-1145032', 'DOC004', TO_DATE('2022-06-30 12:17:00', 'YYYY-MM-DD HH24:MI:SS'), 4000);
INSERT INTO TREAT_TBL (TRE_ID, PAT_ID, PER_ID, DOC_ID, TRE_DATE, TRE_PAY) VALUES('TRE014', 'PAT014', '990510-2265882', 'DOC011', TO_DATE('2022-03-11 16:00:00', 'YYYY-MM-DD HH24:MI:SS'), 5000);
INSERT INTO TREAT_TBL (TRE_ID, PAT_ID, PER_ID, DOC_ID, TRE_DATE, TRE_PAY) VALUES('TRE015', 'PAT015', '560325-2699543', 'DOC016', TO_DATE('2022-03-15 14:00:00', 'YYYY-MM-DD HH24:MI:SS'), 5000);
INSERT INTO TREAT_TBL (TRE_ID, PAT_ID, PER_ID, DOC_ID, TRE_DATE, TRE_PAY) VALUES('TRE016', 'PAT016', '810527-1315586', 'DOC015', TO_DATE('2022-03-16 14:20:00', 'YYYY-MM-DD HH24:MI:SS'), 5000);
INSERT INTO TREAT_TBL (TRE_ID, PAT_ID, PER_ID, DOC_ID, TRE_DATE, TRE_PAY) VALUES('TRE017', 'PAT017', '500125-2556315', 'DOC025', TO_DATE('2022-03-17 13:00:00', 'YYYY-MM-DD HH24:MI:SS'), 5000);
INSERT INTO TREAT_TBL (TRE_ID, PAT_ID, PER_ID, DOC_ID, TRE_DATE, TRE_PAY) VALUES('TRE018', 'PAT018', '750609-1115032', 'DOC026', TO_DATE('2022-03-26 14:00:00', 'YYYY-MM-DD HH24:MI:SS'), 5000);
--34: 근육통 / 귀가
INSERT INTO TREAT_TBL (TRE_ID, PAT_ID, PER_ID, DOC_ID, TRE_DATE, TRE_PAY) VALUES('TRE019', 'PAT019', '090526-3451421', 'DOC011', TO_DATE('2022-03-22 09:40:20', 'YYYY-MM-DD HH24:MI:SS'), 8000);
--35 : 호흡기 / 입원
INSERT INTO TREAT_TBL (TRE_ID, PAT_ID, PER_ID, DOC_ID, TRE_DATE, TRE_PAY) VALUES('TRE020', 'PAT020', '770115-2211513', 'DOC008', TO_DATE('2022-03-08 09:53:20', 'YYYY-MM-DD HH24:MI:SS'), 7000);
--37 : 피부 / 입원
INSERT INTO TREAT_TBL (TRE_ID, PAT_ID, PER_ID, DOC_ID, TRE_DATE, TRE_PAY) VALUES('TRE021', 'PAT021', '551102-1126192', 'DOC024', TO_DATE('2022-03-04 10:23:20', 'YYYY-MM-DD HH24:MI:SS'), 6000);
--31: 소화 / 귀가
INSERT INTO TREAT_TBL (TRE_ID, PAT_ID, PER_ID, DOC_ID, TRE_DATE, TRE_PAY) VALUES('TRE035', 'PAT022', '940808-2125225', 'DOC012', TO_DATE('2022-06-07 09:53:20', 'YYYY-MM-DD HH24:MI:SS'), 5000);
--32 : 신경 / 입원
INSERT INTO TREAT_TBL (TRE_ID, PAT_ID, PER_ID, DOC_ID, TRE_DATE, TRE_PAY) VALUES('TRE036', 'PAT023', '690503-2122532', 'DOC007', TO_DATE('2022-09-14 10:23:20', 'YYYY-MM-DD HH24:MI:SS'), 4000);
INSERT INTO TREAT_TBL (TRE_ID, PAT_ID, PER_ID, DOC_ID, TRE_DATE, TRE_PAY) VALUES('TRE022', 'PAT024', '960930-1165951', 'DOC006', TO_DATE('2022-04-01 12:32:32', 'YYYY-MM-DD HH24:MI:SS'), 13000);
INSERT INTO TREAT_TBL (TRE_ID, PAT_ID, PER_ID, DOC_ID, TRE_DATE, TRE_PAY) VALUES('TRE023', 'PAT025', '701209-2122572', 'DOC007', TO_DATE('2022-04-02 10:13:13', 'YYYY-MM-DD HH24:MI:SS'), 10000);
INSERT INTO TREAT_TBL (TRE_ID, PAT_ID, PER_ID, DOC_ID, TRE_DATE, TRE_PAY) VALUES('TRE024', 'PAT026', '010412-4302115', 'DOC021', TO_DATE('2022-04-01 14:40:42', 'YYYY-MM-DD HH24:MI:SS'), 15000);
INSERT INTO TREAT_TBL (TRE_ID, PAT_ID, PER_ID, DOC_ID, TRE_DATE, TRE_PAY) VALUES('TRE025', 'PAT027', '620302-1165552', 'DOC027', TO_DATE('2022-04-03 13:30:55', 'YYYY-MM-DD HH24:MI:SS'), 20000);
INSERT INTO TREAT_TBL (TRE_ID, PAT_ID, PER_ID, DOC_ID, TRE_DATE, TRE_PAY) VALUES('TRE026', 'PAT028', '570215-1164032', 'DOC014', TO_DATE('2022-04-04 11:23:21', 'YYYY-MM-DD HH24:MI:SS'), 8000); --얘가 입원 안 함.
INSERT INTO TREAT_TBL (TRE_ID, PAT_ID, PER_ID, DOC_ID, TRE_DATE, TRE_PAY) VALUES('TRE027', 'PAT029', '960930-1165951', 'DOC015', TO_DATE('2022-05-03 10:32:32', 'YYYY-MM-DD HH24:MI:SS'), 13000);
INSERT INTO TREAT_TBL (TRE_ID, PAT_ID, PER_ID, DOC_ID, TRE_DATE, TRE_PAY) VALUES('TRE028', 'PAT030', '020812-1145132', 'DOC007', TO_DATE('2022-05-05 11:13:12', 'YYYY-MM-DD HH24:MI:SS'), 14500);
INSERT INTO TREAT_TBL (TRE_ID, PAT_ID, PER_ID, DOC_ID, TRE_DATE, TRE_PAY) VALUES('TRE029', 'PAT031', '701209-2122572', 'DOC023', TO_DATE('2022-05-05 12:25:23', 'YYYY-MM-DD HH24:MI:SS'), 13200);
INSERT INTO TREAT_TBL (TRE_ID, PAT_ID, PER_ID, DOC_ID, TRE_DATE, TRE_PAY) VALUES('TRE030', 'PAT032', '010412-4302115', 'DOC027', TO_DATE('2022-05-03 14:31:42', 'YYYY-MM-DD HH24:MI:SS'), 11000);
INSERT INTO TREAT_TBL (TRE_ID, PAT_ID, PER_ID, DOC_ID, TRE_DATE, TRE_PAY) VALUES('TRE031', 'PAT033', '100609-4122511', 'DOC019', TO_DATE('2022-05-04 13:53:41', 'YYYY-MM-DD HH24:MI:SS'), 10000); --얘가 입원 안 함.
INSERT INTO TREAT_TBL (TRE_ID, PAT_ID, PER_ID, DOC_ID, TRE_DATE, TRE_PAY) VALUES('TRE032', 'PAT034', '960930-1165951', 'DOC006', TO_DATE('2022-07-03 11:55:22', 'YYYY-MM-DD HH24:MI:SS'), 9000);
INSERT INTO TREAT_TBL (TRE_ID, PAT_ID, PER_ID, DOC_ID, TRE_DATE, TRE_PAY) VALUES('TRE033', 'PAT035', '020812-1145132', 'DOC013', TO_DATE('2022-07-04 18:01:41', 'YYYY-MM-DD HH24:MI:SS'), 32000);
INSERT INTO TREAT_TBL (TRE_ID, PAT_ID, PER_ID, DOC_ID, TRE_DATE, TRE_PAY) VALUES('TRE034', 'PAT036', '701209-2122572', 'DOC022', TO_DATE('2022-07-06 13:57:59', 'YYYY-MM-DD HH24:MI:SS'), 15000); --얘가 입원 안 함.
--------------------------------------------------------------------------------------------------------------------------------------------------------------------

--------------------------------------------------------------------------------------------------------------------------------------------------------------------
CREATE TABLE ADMISSION_TBL ( -- 입원 
	IDX			NUMBER	        		NOT NULL,				-- 순서
	ADM_ID			CHAR(6)	        		NOT NULL	PRIMARY KEY,		-- 입원ID
	PER_ID			VARCHAR2(20)		NOT NULL,				-- 사람ID
	TRE_ID			CHAR(6)			NOT NULL,				-- 진료ID
	ADM_DATE		DATE			NOT NULL				-- 입원일
);

INSERT INTO ADMISSION_TBL (IDX, ADM_ID, PER_ID, TRE_ID, ADM_DATE) VALUES(1, 'ADM001', '950403-1129471', 'TRE001', TO_DATE('2022-03-13 13:22:41', 'YYYY-MM-DD HH24:MI:SS'));
INSERT INTO ADMISSION_TBL (IDX, ADM_ID, PER_ID, TRE_ID, ADM_DATE) VALUES(2, 'ADM002', '990912-1263322', 'TRE002', TO_DATE('2022-03-20 14:59:33', 'YYYY-MM-DD HH24:MI:SS'));
--김민지13
INSERT INTO ADMISSION_TBL (IDX, ADM_ID, PER_ID, TRE_ID, ADM_DATE) VALUES(3, 'ADM003', '060515-4125681', 'TRE006', TO_DATE('2022-03-15 11:10:43', 'YYYY-MM-DD HH24:MI:SS'));
--김민지14
INSERT INTO ADMISSION_TBL (IDX, ADM_ID, PER_ID, TRE_ID, ADM_DATE) VALUES(4, 'ADM004', '550125-2120283', 'TRE012', TO_DATE('2022-06-15 16:11:33', 'YYYY-MM-DD HH24:MI:SS'));
--김민석15
INSERT INTO ADMISSION_TBL (IDX, ADM_ID, PER_ID, TRE_ID, ADM_DATE) VALUES(5, 'ADM005', '880515-1165552', 'TRE008', TO_DATE('2022-06-25 16:31:12', 'YYYY-MM-DD HH24:MI:SS'));
INSERT INTO ADMISSION_TBL (IDX, ADM_ID, PER_ID, TRE_ID, ADM_DATE) VALUES(6, 'ADM006', '560325-2699543', 'TRE015', TO_DATE('2022-03-12 11:00:00', 'YYYY-MM-DD HH24:MI:SS'));
INSERT INTO ADMISSION_TBL (IDX, ADM_ID, PER_ID, TRE_ID, ADM_DATE) VALUES(7, 'ADM007', '810527-1315586', 'TRE016', TO_DATE('2022-03-16 16:00:00', 'YYYY-MM-DD HH24:MI:SS'));
INSERT INTO ADMISSION_TBL (IDX, ADM_ID, PER_ID, TRE_ID, ADM_DATE) VALUES(8, 'ADM008', '990510-2265882', 'TRE014', TO_DATE('2022-03-17 11:00:00', 'YYYY-MM-DD HH24:MI:SS'));
--35
INSERT INTO ADMISSION_TBL (IDX, ADM_ID, PER_ID, TRE_ID, ADM_DATE) VALUES(9, 'ADM009', '770115-2211513', 'TRE020', TO_DATE('2022-03-10 11:50:00', 'YYYY-MM-DD HH24:MI:SS'));
--37
INSERT INTO ADMISSION_TBL (IDX, ADM_ID, PER_ID, TRE_ID, ADM_DATE) VALUES(10, 'ADM010', '551102-1126192', 'TRE021', TO_DATE('2022-03-07 12:50:00', 'YYYY-MM-DD HH24:MI:SS'));
--32
INSERT INTO ADMISSION_TBL (IDX, ADM_ID, PER_ID, TRE_ID, ADM_DATE) VALUES(11, 'ADM011', '690503-2122532', 'TRE036', TO_DATE('2022-09-15 09:12:00', 'YYYY-MM-DD HH24:MI:SS'));
INSERT INTO ADMISSION_TBL (IDX, ADM_ID, PER_ID, TRE_ID, ADM_DATE) VALUES(12, 'ADM012', '960930-1165951', 'TRE022', TO_DATE('2022-04-02 09:21:13', 'YYYY-MM-DD HH24:MI:SS'));
INSERT INTO ADMISSION_TBL (IDX, ADM_ID, PER_ID, TRE_ID, ADM_DATE) VALUES(13, 'ADM013', '701209-2122572', 'TRE023', TO_DATE('2022-04-02 13:20:58', 'YYYY-MM-DD HH24:MI:SS'));
INSERT INTO ADMISSION_TBL (IDX, ADM_ID, PER_ID, TRE_ID, ADM_DATE) VALUES(14, 'ADM014', '010412-4302115', 'TRE024', TO_DATE('2022-04-01 17:48:23', 'YYYY-MM-DD HH24:MI:SS'));
INSERT INTO ADMISSION_TBL (IDX, ADM_ID, PER_ID, TRE_ID, ADM_DATE) VALUES(15, 'ADM015', '620302-1165552', 'TRE025', TO_DATE('2022-04-05 10:33:41', 'YYYY-MM-DD HH24:MI:SS'));
INSERT INTO ADMISSION_TBL (IDX, ADM_ID, PER_ID, TRE_ID, ADM_DATE) VALUES(16, 'ADM016', '960930-1165951', 'TRE027', TO_DATE('2022-05-04 13:33:15', 'YYYY-MM-DD HH24:MI:SS'));
INSERT INTO ADMISSION_TBL (IDX, ADM_ID, PER_ID, TRE_ID, ADM_DATE) VALUES(17, 'ADM017', '020812-1145132', 'TRE028', TO_DATE('2022-05-06 12:23:22', 'YYYY-MM-DD HH24:MI:SS'));
INSERT INTO ADMISSION_TBL (IDX, ADM_ID, PER_ID, TRE_ID, ADM_DATE) VALUES(18, 'ADM018', '701209-2122572', 'TRE029', TO_DATE('2022-05-07 09:41:51', 'YYYY-MM-DD HH24:MI:SS'));
INSERT INTO ADMISSION_TBL (IDX, ADM_ID, PER_ID, TRE_ID, ADM_DATE) VALUES(19, 'ADM019', '010412-4302115', 'TRE030', TO_DATE('2022-05-04 17:33:41', 'YYYY-MM-DD HH24:MI:SS'));
INSERT INTO ADMISSION_TBL (IDX, ADM_ID, PER_ID, TRE_ID, ADM_DATE) VALUES(20, 'ADM020', '960930-1165951', 'TRE032', TO_DATE('2022-07-05 17:22:31', 'YYYY-MM-DD HH24:MI:SS'));
INSERT INTO ADMISSION_TBL (IDX, ADM_ID, PER_ID, TRE_ID, ADM_DATE) VALUES(21, 'ADM021', '020812-1145132', 'TRE033', TO_DATE('2022-07-06 12:13:55', 'YYYY-MM-DD HH24:MI:SS'));
--------------------------------------------------------------------------------------------------------------------------------------------------------------------

--------------------------------------------------------------------------------------------------------------------------------------------------------------------
CREATE TABLE ADMISSION_ROOMS_TBL( -- 입원자 병실
	IDX			NUMBER(4)		NOT NULL,				-- 순서
	ADM_ID			CHAR(6)			NOT NULL,				-- 입원 ID
	ADM_ROOM_GRP		CHAR(6)			NOT NULL,				-- 병실 GRP
	ADM_ROOM		CHAR(6)	        		NOT NULL,				-- 병실
	ADM_ROOM_DATE	DATE			NOT NULL				-- 병실 사용일
);

INSERT INTO ADMISSION_ROOMS_TBL(IDX, ADM_ID, ADM_ROOM_GRP, ADM_ROOM, ADM_ROOM_DATE) VALUES(1, 'ADM001', 'GRP006', 'COM505', TO_DATE('2022-03-13 00:00:00', 'YYYY-MM-DD HH24:MI:SS')); -- 3O,OOO
INSERT INTO ADMISSION_ROOMS_TBL(IDX, ADM_ID, ADM_ROOM_GRP, ADM_ROOM, ADM_ROOM_DATE) VALUES(2, 'ADM002', 'GRP006', 'COM503', TO_DATE('2022-03-20 00:00:00', 'YYYY-MM-DD HH24:MI:SS')); -- 9O,OOO
INSERT INTO ADMISSION_ROOMS_TBL(IDX, ADM_ID, ADM_ROOM_GRP, ADM_ROOM, ADM_ROOM_DATE) VALUES(3, 'ADM001', 'GRP006', 'COM505', TO_DATE('2022-03-14 00:00:00', 'YYYY-MM-DD HH24:MI:SS')); -- 3O,OOO
INSERT INTO ADMISSION_ROOMS_TBL(IDX, ADM_ID, ADM_ROOM_GRP, ADM_ROOM, ADM_ROOM_DATE) VALUES(4, 'ADM001', 'GRP006', 'COM505', TO_DATE('2022-03-15 00:00:00', 'YYYY-MM-DD HH24:MI:SS')); -- 3O,OOO
INSERT INTO ADMISSION_ROOMS_TBL(IDX, ADM_ID, ADM_ROOM_GRP, ADM_ROOM, ADM_ROOM_DATE) VALUES(5, 'ADM002', 'GRP006', 'COM505', TO_DATE('2022-03-21 00:00:00', 'YYYY-MM-DD HH24:MI:SS')); -- 3O,OOO
INSERT INTO ADMISSION_ROOMS_TBL(IDX, ADM_ID, ADM_ROOM_GRP, ADM_ROOM, ADM_ROOM_DATE) VALUES(6, 'ADM002', 'GRP006', 'COM505', TO_DATE('2022-03-22 00:00:00', 'YYYY-MM-DD HH24:MI:SS')); -- 3O,OOO
--김민지13
INSERT INTO ADMISSION_ROOMS_TBL(IDX, ADM_ID, ADM_ROOM_GRP, ADM_ROOM, ADM_ROOM_DATE) VALUES(7, 'ADM003', 'GRP006', 'COM506', TO_DATE('2022-03-15 00:00:00', 'YYYY-MM-DD HH24:MI:SS'));
INSERT INTO ADMISSION_ROOMS_TBL(IDX, ADM_ID, ADM_ROOM_GRP, ADM_ROOM, ADM_ROOM_DATE) VALUES(8, 'ADM003', 'GRP006', 'COM506', TO_DATE('2022-03-16 00:00:00', 'YYYY-MM-DD HH24:MI:SS'));
--김민지14
INSERT INTO ADMISSION_ROOMS_TBL(IDX, ADM_ID, ADM_ROOM_GRP, ADM_ROOM, ADM_ROOM_DATE) VALUES(9, 'ADM004', 'GRP006', 'COM503', TO_DATE('2022-06-15 00:00:00','YYYY-MM-DD HH24:MI:SS'));
INSERT INTO ADMISSION_ROOMS_TBL(IDX, ADM_ID, ADM_ROOM_GRP, ADM_ROOM, ADM_ROOM_DATE) VALUES(10, 'ADM004', 'GRP006', 'COM503', TO_DATE('2022-06-16 00:00:00','YYYY-MM-DD HH24:MI:SS'));
INSERT INTO ADMISSION_ROOMS_TBL(IDX, ADM_ID, ADM_ROOM_GRP, ADM_ROOM, ADM_ROOM_DATE) VALUES(11, 'ADM004', 'GRP006', 'COM503', TO_DATE('2022-06-17 00:00:00','YYYY-MM-DD HH24:MI:SS'));
INSERT INTO ADMISSION_ROOMS_TBL(IDX, ADM_ID, ADM_ROOM_GRP, ADM_ROOM, ADM_ROOM_DATE) VALUES(12, 'ADM004', 'GRP006', 'COM503', TO_DATE('2022-06-18 00:00:00','YYYY-MM-DD HH24:MI:SS'));
INSERT INTO ADMISSION_ROOMS_TBL(IDX, ADM_ID, ADM_ROOM_GRP, ADM_ROOM, ADM_ROOM_DATE) VALUES(13, 'ADM004', 'GRP006', 'COM503', TO_DATE('2022-06-19 00:00:00','YYYY-MM-DD HH24:MI:SS'));
INSERT INTO ADMISSION_ROOMS_TBL(IDX, ADM_ID, ADM_ROOM_GRP, ADM_ROOM, ADM_ROOM_DATE) VALUES(14, 'ADM004', 'GRP006', 'COM503', TO_DATE('2022-06-20 00:00:00','YYYY-MM-DD HH24:MI:SS'));
INSERT INTO ADMISSION_ROOMS_TBL(IDX, ADM_ID, ADM_ROOM_GRP, ADM_ROOM, ADM_ROOM_DATE) VALUES(15, 'ADM004', 'GRP006', 'COM505', TO_DATE('2022-06-21 00:00:00','YYYY-MM-DD HH24:MI:SS'));
INSERT INTO ADMISSION_ROOMS_TBL(IDX, ADM_ID, ADM_ROOM_GRP, ADM_ROOM, ADM_ROOM_DATE) VALUES(16, 'ADM004', 'GRP006', 'COM505', TO_DATE('2022-06-22 00:00:00','YYYY-MM-DD HH24:MI:SS'));
INSERT INTO ADMISSION_ROOMS_TBL(IDX, ADM_ID, ADM_ROOM_GRP, ADM_ROOM, ADM_ROOM_DATE) VALUES(17, 'ADM004', 'GRP006', 'COM505', TO_DATE('2022-06-23 00:00:00','YYYY-MM-DD HH24:MI:SS'));
--김민석15
INSERT INTO ADMISSION_ROOMS_TBL(IDX, ADM_ID, ADM_ROOM_GRP, ADM_ROOM, ADM_ROOM_DATE) VALUES(18, 'ADM005', 'GRP006', 'COM505', TO_DATE('2022-06-25 00:00:00', 'YYYY-MM-DD HH24:MI:SS'));
INSERT INTO ADMISSION_ROOMS_TBL(IDX, ADM_ID, ADM_ROOM_GRP, ADM_ROOM, ADM_ROOM_DATE) VALUES(19, 'ADM005', 'GRP006', 'COM505', TO_DATE('2022-06-26 00:00:00', 'YYYY-MM-DD HH24:MI:SS'));
INSERT INTO ADMISSION_ROOMS_TBL(IDX, ADM_ID, ADM_ROOM_GRP, ADM_ROOM, ADM_ROOM_DATE) VALUES(20, 'ADM005', 'GRP006', 'COM506', TO_DATE('2022-06-27 00:00:00', 'YYYY-MM-DD HH24:MI:SS'));
INSERT INTO ADMISSION_ROOMS_TBL(IDX, ADM_ID, ADM_ROOM_GRP, ADM_ROOM, ADM_ROOM_DATE) VALUES(21, 'ADM006', 'GRP006', 'COM504', TO_DATE('2022-03-12 00:00:00', 'YYYY-MM-DD HH24:MI:SS')); 
INSERT INTO ADMISSION_ROOMS_TBL(IDX, ADM_ID, ADM_ROOM_GRP, ADM_ROOM, ADM_ROOM_DATE) VALUES(22, 'ADM006', 'GRP006', 'COM504', TO_DATE('2022-03-13 00:00:00', 'YYYY-MM-DD HH24:MI:SS')); 
INSERT INTO ADMISSION_ROOMS_TBL(IDX, ADM_ID, ADM_ROOM_GRP, ADM_ROOM, ADM_ROOM_DATE) VALUES(23, 'ADM006', 'GRP006', 'COM504', TO_DATE('2022-03-14 00:00:00', 'YYYY-MM-DD HH24:MI:SS')); 
INSERT INTO ADMISSION_ROOMS_TBL(IDX, ADM_ID, ADM_ROOM_GRP, ADM_ROOM, ADM_ROOM_DATE) VALUES(24, 'ADM006', 'GRP006', 'COM504', TO_DATE('2022-03-15 00:00:00', 'YYYY-MM-DD HH24:MI:SS')); 
INSERT INTO ADMISSION_ROOMS_TBL(IDX, ADM_ID, ADM_ROOM_GRP, ADM_ROOM, ADM_ROOM_DATE) VALUES(25, 'ADM007', 'GRP006', 'COM504', TO_DATE('2022-03-16 00:00:00', 'YYYY-MM-DD HH24:MI:SS')); 
INSERT INTO ADMISSION_ROOMS_TBL(IDX, ADM_ID, ADM_ROOM_GRP, ADM_ROOM, ADM_ROOM_DATE) VALUES(26, 'ADM007', 'GRP006', 'COM504', TO_DATE('2022-03-17 00:00:00', 'YYYY-MM-DD HH24:MI:SS')); 
INSERT INTO ADMISSION_ROOMS_TBL(IDX, ADM_ID, ADM_ROOM_GRP, ADM_ROOM, ADM_ROOM_DATE) VALUES(27, 'ADM007', 'GRP006', 'COM503', TO_DATE('2022-03-18 00:00:00', 'YYYY-MM-DD HH24:MI:SS')); 
INSERT INTO ADMISSION_ROOMS_TBL(IDX, ADM_ID, ADM_ROOM_GRP, ADM_ROOM, ADM_ROOM_DATE) VALUES(28, 'ADM008', 'GRP006', 'COM506', TO_DATE('2022-03-18 00:00:00', 'YYYY-MM-DD HH24:MI:SS')); 
INSERT INTO ADMISSION_ROOMS_TBL(IDX, ADM_ID, ADM_ROOM_GRP, ADM_ROOM, ADM_ROOM_DATE) VALUES(29, 'ADM008', 'GRP006', 'COM506', TO_DATE('2022-03-19 00:00:00', 'YYYY-MM-DD HH24:MI:SS')); 
INSERT INTO ADMISSION_ROOMS_TBL(IDX, ADM_ID, ADM_ROOM_GRP, ADM_ROOM, ADM_ROOM_DATE) VALUES(30, 'ADM008', 'GRP006', 'COM502', TO_DATE('2022-03-20 00:00:00', 'YYYY-MM-DD HH24:MI:SS')); 
INSERT INTO ADMISSION_ROOMS_TBL(IDX, ADM_ID, ADM_ROOM_GRP, ADM_ROOM, ADM_ROOM_DATE) VALUES(31, 'ADM008', 'GRP006', 'COM502', TO_DATE('2022-03-21 00:00:00', 'YYYY-MM-DD HH24:MI:SS')); 
INSERT INTO ADMISSION_ROOMS_TBL(IDX, ADM_ID, ADM_ROOM_GRP, ADM_ROOM, ADM_ROOM_DATE) VALUES(32, 'ADM008', 'GRP006', 'COM504', TO_DATE('2022-03-22 00:00:00', 'YYYY-MM-DD HH24:MI:SS')); 
--35 입원 3일
INSERT INTO ADMISSION_ROOMS_TBL(IDX, ADM_ID, ADM_ROOM_GRP, ADM_ROOM, ADM_ROOM_DATE) VALUES(33, 'ADM009', 'GRP006', 'COM503', TO_DATE('2022-03-10 00:00:00','YYYY-MM-DD HH24:MI:SS'));
INSERT INTO ADMISSION_ROOMS_TBL(IDX, ADM_ID, ADM_ROOM_GRP, ADM_ROOM, ADM_ROOM_DATE) VALUES(34, 'ADM009', 'GRP006', 'COM506', TO_DATE('2022-03-11 00:00:00','YYYY-MM-DD HH24:MI:SS'));
INSERT INTO ADMISSION_ROOMS_TBL(IDX, ADM_ID, ADM_ROOM_GRP, ADM_ROOM, ADM_ROOM_DATE) VALUES(35, 'ADM009', 'GRP006', 'COM506', TO_DATE('2022-03-12 00:00:00','YYYY-MM-DD HH24:MI:SS'));
--37 입원 5일
INSERT INTO ADMISSION_ROOMS_TBL(IDX, ADM_ID, ADM_ROOM_GRP, ADM_ROOM, ADM_ROOM_DATE) VALUES(36, 'ADM010', 'GRP006', 'COM503', TO_DATE('2022-03-07 00:00:00','YYYY-MM-DD HH24:MI:SS'));
INSERT INTO ADMISSION_ROOMS_TBL(IDX, ADM_ID, ADM_ROOM_GRP, ADM_ROOM, ADM_ROOM_DATE) VALUES(37, 'ADM010', 'GRP006', 'COM503', TO_DATE('2022-03-08 00:00:00','YYYY-MM-DD HH24:MI:SS'));
INSERT INTO ADMISSION_ROOMS_TBL(IDX, ADM_ID, ADM_ROOM_GRP, ADM_ROOM, ADM_ROOM_DATE) VALUES(38, 'ADM010', 'GRP006', 'COM504', TO_DATE('2022-03-09 00:00:00','YYYY-MM-DD HH24:MI:SS'));
INSERT INTO ADMISSION_ROOMS_TBL(IDX, ADM_ID, ADM_ROOM_GRP, ADM_ROOM, ADM_ROOM_DATE) VALUES(39, 'ADM010', 'GRP006', 'COM504', TO_DATE('2022-03-10 00:00:00','YYYY-MM-DD HH24:MI:SS'));
INSERT INTO ADMISSION_ROOMS_TBL(IDX, ADM_ID, ADM_ROOM_GRP, ADM_ROOM, ADM_ROOM_DATE) VALUES(40, 'ADM010', 'GRP006', 'COM504', TO_DATE('2022-03-11 00:00:00','YYYY-MM-DD HH24:MI:SS'));
--32 입원 3일
INSERT INTO ADMISSION_ROOMS_TBL(IDX, ADM_ID, ADM_ROOM_GRP, ADM_ROOM, ADM_ROOM_DATE) VALUES(41, 'ADM011', 'GRP006', 'COM502', TO_DATE('2022-09-15 00:00:00','YYYY-MM-DD HH24:MI:SS'));
INSERT INTO ADMISSION_ROOMS_TBL(IDX, ADM_ID, ADM_ROOM_GRP, ADM_ROOM, ADM_ROOM_DATE) VALUES(42, 'ADM011', 'GRP006', 'COM502', TO_DATE('2022-09-16 00:00:00','YYYY-MM-DD HH24:MI:SS'));
INSERT INTO ADMISSION_ROOMS_TBL(IDX, ADM_ID, ADM_ROOM_GRP, ADM_ROOM, ADM_ROOM_DATE) VALUES(43, 'ADM011', 'GRP006', 'COM504', TO_DATE('2022-09-17 00:00:00','YYYY-MM-DD HH24:MI:SS'));
--------46부터
INSERT INTO ADMISSION_ROOMS_TBL(IDX, ADM_ID, ADM_ROOM_GRP, ADM_ROOM, ADM_ROOM_DATE) VALUES (44, 'ADM012', 'GRP006', 'COM503', TO_DATE('2022-04-03 00:00:00', 'YYYY-MM-DD HH24:MI:SS'));
INSERT INTO ADMISSION_ROOMS_TBL(IDX, ADM_ID, ADM_ROOM_GRP, ADM_ROOM, ADM_ROOM_DATE) VALUES (45, 'ADM013', 'GRP006', 'COM502', TO_DATE('2022-04-02 00:00:00', 'YYYY-MM-DD HH24:MI:SS'));
INSERT INTO ADMISSION_ROOMS_TBL(IDX, ADM_ID, ADM_ROOM_GRP, ADM_ROOM, ADM_ROOM_DATE) VALUES (46, 'ADM014', 'GRP006', 'COM504', TO_DATE('2022-04-04 00:00:00', 'YYYY-MM-DD HH24:MI:SS'));
INSERT INTO ADMISSION_ROOMS_TBL(IDX, ADM_ID, ADM_ROOM_GRP, ADM_ROOM, ADM_ROOM_DATE) VALUES (47, 'ADM015', 'GRP006', 'COM505', TO_DATE('2022-04-07 00:00:00', 'YYYY-MM-DD HH24:MI:SS'));
INSERT INTO ADMISSION_ROOMS_TBL(IDX, ADM_ID, ADM_ROOM_GRP, ADM_ROOM, ADM_ROOM_DATE) VALUES (48, 'ADM016', 'GRP006', 'COM502', TO_DATE('2022-05-04 00:00:00', 'YYYY-MM-DD HH24:MI:SS'));
INSERT INTO ADMISSION_ROOMS_TBL(IDX, ADM_ID, ADM_ROOM_GRP, ADM_ROOM, ADM_ROOM_DATE) VALUES (49, 'ADM017', 'GRP006', 'COM506', TO_DATE('2022-05-06 00:00:00', 'YYYY-MM-DD HH24:MI:SS'));
INSERT INTO ADMISSION_ROOMS_TBL(IDX, ADM_ID, ADM_ROOM_GRP, ADM_ROOM, ADM_ROOM_DATE) VALUES (50, 'ADM018', 'GRP006', 'COM504', TO_DATE('2022-05-07 00:00:00', 'YYYY-MM-DD HH24:MI:SS'));
INSERT INTO ADMISSION_ROOMS_TBL(IDX, ADM_ID, ADM_ROOM_GRP, ADM_ROOM, ADM_ROOM_DATE) VALUES (51, 'ADM019', 'GRP006', 'COM503', TO_DATE('2022-05-04 00:00:00', 'YYYY-MM-DD HH24:MI:SS'));
INSERT INTO ADMISSION_ROOMS_TBL(IDX, ADM_ID, ADM_ROOM_GRP, ADM_ROOM, ADM_ROOM_DATE) VALUES (52, 'ADM020', 'GRP006', 'COM506', TO_DATE('2022-07-05 00:00:00', 'YYYY-MM-DD HH24:MI:SS'));
INSERT INTO ADMISSION_ROOMS_TBL(IDX, ADM_ID, ADM_ROOM_GRP, ADM_ROOM, ADM_ROOM_DATE) VALUES (53, 'ADM021', 'GRP006', 'COM507', TO_DATE('2022-07-07 00:00:00', 'YYYY-MM-DD HH24:MI:SS'));
--------------------------------------------------------------------------------------------------------------------------------------------------------------------

--------------------------------------------------------------------------------------------------------------------------------------------------------------------
CREATE TABLE ADMISSION_MEDICINES_TBL( -- 입원자 처방약
	IDX			NUMBER			NOT NULL,				-- 순서
	ADM_ID			CHAR(6)			NOT NULL,				-- 입원 ID
	ADM_MED_GRP		CHAR(6)			NOT NULL,				-- 처방약 GRP
	ADM_MED		CHAR(6)			NOT NULL,				-- 처방약
	ADM_MED_QTY		NUMBER			NOT NULL,				-- 처방약 수량
	ADM_MED_DATE		DATE			NOT NULL				-- 처방일
);

INSERT INTO ADMISSION_MEDICINES_TBL (IDX, ADM_ID, ADM_MED_GRP, ADM_MED, ADM_MED_QTY, ADM_MED_DATE) VALUES(1, 'ADM001', 'GRP005', 'COM412', 2, TO_DATE('2022-03-13 12:00:00', 'YYYY-MM-DD HH24:MI:SS')); --200,000
INSERT INTO ADMISSION_MEDICINES_TBL (IDX, ADM_ID, ADM_MED_GRP, ADM_MED, ADM_MED_QTY, ADM_MED_DATE) VALUES(2, 'ADM002', 'GRP005', 'COM414', 1, TO_DATE('2022-03-20 12:00:00', 'YYYY-MM-DD HH24:MI:SS')); --95,000
INSERT INTO ADMISSION_MEDICINES_TBL (IDX, ADM_ID, ADM_MED_GRP, ADM_MED, ADM_MED_QTY, ADM_MED_DATE) VALUES(3, 'ADM001', 'GRP005', 'COM413', 1, TO_DATE('2022-03-14 12:00:00', 'YYYY-MM-DD HH24:MI:SS')); --90,000
INSERT INTO ADMISSION_MEDICINES_TBL (IDX, ADM_ID, ADM_MED_GRP, ADM_MED, ADM_MED_QTY, ADM_MED_DATE) VALUES(4, 'ADM001', 'GRP005', 'COM405', 2, TO_DATE('2022-03-14 12:00:00', 'YYYY-MM-DD HH24:MI:SS')); --5,800
INSERT INTO ADMISSION_MEDICINES_TBL (IDX, ADM_ID, ADM_MED_GRP, ADM_MED, ADM_MED_QTY, ADM_MED_DATE) VALUES(5, 'ADM001', 'GRP005', 'COM414', 1, TO_DATE('2022-03-15 12:00:00', 'YYYY-MM-DD HH24:MI:SS')); --95,000
INSERT INTO ADMISSION_MEDICINES_TBL (IDX, ADM_ID, ADM_MED_GRP, ADM_MED, ADM_MED_QTY, ADM_MED_DATE) VALUES(6, 'ADM002', 'GRP005', 'COM402', 1, TO_DATE('2022-03-21 12:00:00', 'YYYY-MM-DD HH24:MI:SS')); --2,500
INSERT INTO ADMISSION_MEDICINES_TBL (IDX, ADM_ID, ADM_MED_GRP, ADM_MED, ADM_MED_QTY, ADM_MED_DATE) VALUES(7, 'ADM002', 'GRP005', 'COM411', 2, TO_DATE('2022-03-21 12:00:00', 'YYYY-MM-DD HH24:MI:SS')); --14,000
INSERT INTO ADMISSION_MEDICINES_TBL (IDX, ADM_ID, ADM_MED_GRP, ADM_MED, ADM_MED_QTY, ADM_MED_DATE) VALUES(8, 'ADM002', 'GRP005', 'COM414', 1, TO_DATE('2022-03-22 12:00:00', 'YYYY-MM-DD HH24:MI:SS')); --95,000
--김민지13
INSERT INTO ADMISSION_MEDICINES_TBL (IDX, ADM_ID, ADM_MED_GRP, ADM_MED, ADM_MED_QTY, ADM_MED_DATE) VALUES(9, 'ADM003', 'GRP005', 'COM411', 2, TO_DATE('2022-03-15 12:00:00', 'YYYY-MM-DD HH24:MI:SS'));
INSERT INTO ADMISSION_MEDICINES_TBL (IDX, ADM_ID, ADM_MED_GRP, ADM_MED, ADM_MED_QTY, ADM_MED_DATE) VALUES(10, 'ADM003', 'GRP005', 'COM410', 1, TO_DATE('2022-03-15 12:00:00', 'YYYY-MM-DD HH24:MI:SS'));
INSERT INTO ADMISSION_MEDICINES_TBL (IDX, ADM_ID, ADM_MED_GRP, ADM_MED, ADM_MED_QTY, ADM_MED_DATE) VALUES(11, 'ADM003', 'GRP005', 'COM411', 1, TO_DATE('2022-03-16 12:00:00', 'YYYY-MM-DD HH24:MI:SS'));
--김민지14
INSERT INTO ADMISSION_MEDICINES_TBL (IDX, ADM_ID, ADM_MED_GRP, ADM_MED, ADM_MED_QTY, ADM_MED_DATE) VALUES(12, 'ADM004', 'GRP005', 'COM411', 1, TO_DATE('2022-06-15 12:00:00', 'YYYY-MM-DD HH24:MI:SS'));
INSERT INTO ADMISSION_MEDICINES_TBL (IDX, ADM_ID, ADM_MED_GRP, ADM_MED, ADM_MED_QTY, ADM_MED_DATE) VALUES(13, 'ADM004', 'GRP005', 'COM412', 1, TO_DATE('2022-06-15 12:00:00', 'YYYY-MM-DD HH24:MI:SS'));
INSERT INTO ADMISSION_MEDICINES_TBL (IDX, ADM_ID, ADM_MED_GRP, ADM_MED, ADM_MED_QTY, ADM_MED_DATE) VALUES(14, 'ADM004', 'GRP005', 'COM411', 1, TO_DATE('2022-06-16 12:00:00', 'YYYY-MM-DD HH24:MI:SS'));
INSERT INTO ADMISSION_MEDICINES_TBL (IDX, ADM_ID, ADM_MED_GRP, ADM_MED, ADM_MED_QTY, ADM_MED_DATE) VALUES(15, 'ADM004', 'GRP005', 'COM412', 1, TO_DATE('2022-06-16 12:00:00', 'YYYY-MM-DD HH24:MI:SS'));
INSERT INTO ADMISSION_MEDICINES_TBL (IDX, ADM_ID, ADM_MED_GRP, ADM_MED, ADM_MED_QTY, ADM_MED_DATE) VALUES(16, 'ADM004', 'GRP005', 'COM411', 1, TO_DATE('2022-06-17 12:00:00', 'YYYY-MM-DD HH24:MI:SS'));
INSERT INTO ADMISSION_MEDICINES_TBL (IDX, ADM_ID, ADM_MED_GRP, ADM_MED, ADM_MED_QTY, ADM_MED_DATE) VALUES(17, 'ADM004', 'GRP005', 'COM412', 1, TO_DATE('2022-06-17 12:00:00', 'YYYY-MM-DD HH24:MI:SS'));
INSERT INTO ADMISSION_MEDICINES_TBL (IDX, ADM_ID, ADM_MED_GRP, ADM_MED, ADM_MED_QTY, ADM_MED_DATE) VALUES(18, 'ADM004', 'GRP005', 'COM411', 1, TO_DATE('2022-06-18 12:00:00', 'YYYY-MM-DD HH24:MI:SS'));
INSERT INTO ADMISSION_MEDICINES_TBL (IDX, ADM_ID, ADM_MED_GRP, ADM_MED, ADM_MED_QTY, ADM_MED_DATE) VALUES(19, 'ADM004', 'GRP005', 'COM412', 1, TO_DATE('2022-06-18 12:00:00', 'YYYY-MM-DD HH24:MI:SS'));
INSERT INTO ADMISSION_MEDICINES_TBL (IDX, ADM_ID, ADM_MED_GRP, ADM_MED, ADM_MED_QTY, ADM_MED_DATE) VALUES(20, 'ADM004', 'GRP005', 'COM411', 1, TO_DATE('2022-06-19 12:00:00', 'YYYY-MM-DD HH24:MI:SS'));
INSERT INTO ADMISSION_MEDICINES_TBL (IDX, ADM_ID, ADM_MED_GRP, ADM_MED, ADM_MED_QTY, ADM_MED_DATE) VALUES(21, 'ADM004', 'GRP005', 'COM412', 1, TO_DATE('2022-06-19 12:00:00', 'YYYY-MM-DD HH24:MI:SS'));
INSERT INTO ADMISSION_MEDICINES_TBL (IDX, ADM_ID, ADM_MED_GRP, ADM_MED, ADM_MED_QTY, ADM_MED_DATE) VALUES(22, 'ADM004', 'GRP005', 'COM411', 1, TO_DATE('2022-06-20 12:00:00', 'YYYY-MM-DD HH24:MI:SS'));
INSERT INTO ADMISSION_MEDICINES_TBL (IDX, ADM_ID, ADM_MED_GRP, ADM_MED, ADM_MED_QTY, ADM_MED_DATE) VALUES(23, 'ADM004', 'GRP005', 'COM412', 1, TO_DATE('2022-06-20 12:00:00', 'YYYY-MM-DD HH24:MI:SS'));
INSERT INTO ADMISSION_MEDICINES_TBL (IDX, ADM_ID, ADM_MED_GRP, ADM_MED, ADM_MED_QTY, ADM_MED_DATE) VALUES(24, 'ADM004', 'GRP005', 'COM411', 1, TO_DATE('2022-06-21 12:00:00', 'YYYY-MM-DD HH24:MI:SS'));
INSERT INTO ADMISSION_MEDICINES_TBL (IDX, ADM_ID, ADM_MED_GRP, ADM_MED, ADM_MED_QTY, ADM_MED_DATE) VALUES(25, 'ADM004', 'GRP005', 'COM412', 1, TO_DATE('2022-06-21 12:00:00', 'YYYY-MM-DD HH24:MI:SS'));
INSERT INTO ADMISSION_MEDICINES_TBL (IDX, ADM_ID, ADM_MED_GRP, ADM_MED, ADM_MED_QTY, ADM_MED_DATE) VALUES(26, 'ADM004', 'GRP005', 'COM411', 1, TO_DATE('2022-06-22 12:00:00', 'YYYY-MM-DD HH24:MI:SS'));
INSERT INTO ADMISSION_MEDICINES_TBL (IDX, ADM_ID, ADM_MED_GRP, ADM_MED, ADM_MED_QTY, ADM_MED_DATE) VALUES(27, 'ADM004', 'GRP005', 'COM412', 1, TO_DATE('2022-06-22 12:00:00', 'YYYY-MM-DD HH24:MI:SS'));
INSERT INTO ADMISSION_MEDICINES_TBL (IDX, ADM_ID, ADM_MED_GRP, ADM_MED, ADM_MED_QTY, ADM_MED_DATE) VALUES(28, 'ADM004', 'GRP005', 'COM411', 1, TO_DATE('2022-06-23 12:00:00', 'YYYY-MM-DD HH24:MI:SS'));
INSERT INTO ADMISSION_MEDICINES_TBL (IDX, ADM_ID, ADM_MED_GRP, ADM_MED, ADM_MED_QTY, ADM_MED_DATE) VALUES(29, 'ADM004', 'GRP005', 'COM412', 1, TO_DATE('2022-06-23 12:00:00', 'YYYY-MM-DD HH24:MI:SS'));
--김민석15
INSERT INTO ADMISSION_MEDICINES_TBL (IDX, ADM_ID, ADM_MED_GRP, ADM_MED, ADM_MED_QTY, ADM_MED_DATE) VALUES(30, 'ADM005', 'GRP005', 'COM408', 1, TO_DATE('2022-06-25 12:00:00', 'YYYY-MM-DD HH24:MI:SS'));
INSERT INTO ADMISSION_MEDICINES_TBL (IDX, ADM_ID, ADM_MED_GRP, ADM_MED, ADM_MED_QTY, ADM_MED_DATE) VALUES(31, 'ADM005', 'GRP005', 'COM404', 1, TO_DATE('2022-06-25 12:00:00', 'YYYY-MM-DD HH24:MI:SS'));
INSERT INTO ADMISSION_MEDICINES_TBL (IDX, ADM_ID, ADM_MED_GRP, ADM_MED, ADM_MED_QTY, ADM_MED_DATE) VALUES(32, 'ADM005', 'GRP005', 'COM412', 1, TO_DATE('2022-06-25 12:00:00', 'YYYY-MM-DD HH24:MI:SS'));
INSERT INTO ADMISSION_MEDICINES_TBL (IDX, ADM_ID, ADM_MED_GRP, ADM_MED, ADM_MED_QTY, ADM_MED_DATE) VALUES(33, 'ADM005', 'GRP005', 'COM412', 1, TO_DATE('2022-06-26 12:00:00', 'YYYY-MM-DD HH24:MI:SS'));
INSERT INTO ADMISSION_MEDICINES_TBL (IDX, ADM_ID, ADM_MED_GRP, ADM_MED, ADM_MED_QTY, ADM_MED_DATE) VALUES(34, 'ADM005', 'GRP005', 'COM412', 1, TO_DATE('2022-06-27 12:00:00', 'YYYY-MM-DD HH24:MI:SS'));
INSERT INTO ADMISSION_MEDICINES_TBL (IDX, ADM_ID, ADM_MED_GRP, ADM_MED, ADM_MED_QTY, ADM_MED_DATE) VALUES(35, 'ADM006', 'GRP005', 'COM407', 1, TO_DATE('2022-03-12 12:00:00', 'YYYY-MM-DD HH24:MI:SS'));
INSERT INTO ADMISSION_MEDICINES_TBL (IDX, ADM_ID, ADM_MED_GRP, ADM_MED, ADM_MED_QTY, ADM_MED_DATE) VALUES(36, 'ADM006', 'GRP005', 'COM406', 3, TO_DATE('2022-03-13 12:00:00', 'YYYY-MM-DD HH24:MI:SS'));
INSERT INTO ADMISSION_MEDICINES_TBL (IDX, ADM_ID, ADM_MED_GRP, ADM_MED, ADM_MED_QTY, ADM_MED_DATE) VALUES(37, 'ADM006', 'GRP005', 'COM406', 2, TO_DATE('2022-03-14 12:00:00', 'YYYY-MM-DD HH24:MI:SS'));
INSERT INTO ADMISSION_MEDICINES_TBL (IDX, ADM_ID, ADM_MED_GRP, ADM_MED, ADM_MED_QTY, ADM_MED_DATE) VALUES(38, 'ADM006', 'GRP005', 'COM408', 1, TO_DATE('2022-03-15 12:00:00', 'YYYY-MM-DD HH24:MI:SS'));
INSERT INTO ADMISSION_MEDICINES_TBL (IDX, ADM_ID, ADM_MED_GRP, ADM_MED, ADM_MED_QTY, ADM_MED_DATE) VALUES(39, 'ADM007', 'GRP005', 'COM411', 1, TO_DATE('2022-03-16 12:00:00', 'YYYY-MM-DD HH24:MI:SS'));
INSERT INTO ADMISSION_MEDICINES_TBL (IDX, ADM_ID, ADM_MED_GRP, ADM_MED, ADM_MED_QTY, ADM_MED_DATE) VALUES(40, 'ADM007', 'GRP005', 'COM412', 3, TO_DATE('2022-03-17 12:00:00', 'YYYY-MM-DD HH24:MI:SS'));
INSERT INTO ADMISSION_MEDICINES_TBL (IDX, ADM_ID, ADM_MED_GRP, ADM_MED, ADM_MED_QTY, ADM_MED_DATE) VALUES(41, 'ADM007', 'GRP005', 'COM413', 3, TO_DATE('2022-03-18 12:00:00', 'YYYY-MM-DD HH24:MI:SS'));
INSERT INTO ADMISSION_MEDICINES_TBL (IDX, ADM_ID, ADM_MED_GRP, ADM_MED, ADM_MED_QTY, ADM_MED_DATE) VALUES(42, 'ADM008', 'GRP005', 'COM408', 1, TO_DATE('2022-03-18 12:00:00', 'YYYY-MM-DD HH24:MI:SS'));
INSERT INTO ADMISSION_MEDICINES_TBL (IDX, ADM_ID, ADM_MED_GRP, ADM_MED, ADM_MED_QTY, ADM_MED_DATE) VALUES(43, 'ADM008', 'GRP005', 'COM407', 2, TO_DATE('2022-03-19 12:00:00', 'YYYY-MM-DD HH24:MI:SS'));
INSERT INTO ADMISSION_MEDICINES_TBL (IDX, ADM_ID, ADM_MED_GRP, ADM_MED, ADM_MED_QTY, ADM_MED_DATE) VALUES(44, 'ADM008', 'GRP005', 'COM407', 3, TO_DATE('2022-03-20 12:00:00', 'YYYY-MM-DD HH24:MI:SS'));
INSERT INTO ADMISSION_MEDICINES_TBL (IDX, ADM_ID, ADM_MED_GRP, ADM_MED, ADM_MED_QTY, ADM_MED_DATE) VALUES(45, 'ADM008', 'GRP005', 'COM407', 3, TO_DATE('2022-03-21 12:00:00', 'YYYY-MM-DD HH24:MI:SS'));
INSERT INTO ADMISSION_MEDICINES_TBL (IDX, ADM_ID, ADM_MED_GRP, ADM_MED, ADM_MED_QTY, ADM_MED_DATE) VALUES(46, 'ADM008', 'GRP005', 'COM410', 3, TO_DATE('2022-03-22 12:00:00', 'YYYY-MM-DD HH24:MI:SS'));
--35 : 호흡기
INSERT INTO ADMISSION_MEDICINES_TBL (IDX, ADM_ID, ADM_MED_GRP, ADM_MED, ADM_MED_QTY, ADM_MED_DATE) VALUES(47, 'ADM009', 'GRP005', 'COM409', 4, TO_DATE('2022-03-10 10:23:13', 'YYYY-MM-DD HH24:MI:SS'));
INSERT INTO ADMISSION_MEDICINES_TBL (IDX, ADM_ID, ADM_MED_GRP, ADM_MED, ADM_MED_QTY, ADM_MED_DATE) VALUES(48, 'ADM009', 'GRP005', 'COM409', 2, TO_DATE('2022-03-11 10:23:13', 'YYYY-MM-DD HH24:MI:SS'));
INSERT INTO ADMISSION_MEDICINES_TBL (IDX, ADM_ID, ADM_MED_GRP, ADM_MED, ADM_MED_QTY, ADM_MED_DATE) VALUES(49, 'ADM009', 'GRP005', 'COM408', 2, TO_DATE('2022-03-12 10:23:13', 'YYYY-MM-DD HH24:MI:SS'));
--37 : 피부
INSERT INTO ADMISSION_MEDICINES_TBL (IDX, ADM_ID, ADM_MED_GRP, ADM_MED, ADM_MED_QTY, ADM_MED_DATE) VALUES(50, 'ADM010', 'GRP005', 'COM414', 3, TO_DATE('2022-03-07 10:23:13', 'YYYY-MM-DD HH24:MI:SS'));
INSERT INTO ADMISSION_MEDICINES_TBL (IDX, ADM_ID, ADM_MED_GRP, ADM_MED, ADM_MED_QTY, ADM_MED_DATE) VALUES(51, 'ADM010', 'GRP005', 'COM414', 3, TO_DATE('2022-03-08 10:23:13', 'YYYY-MM-DD HH24:MI:SS'));
INSERT INTO ADMISSION_MEDICINES_TBL (IDX, ADM_ID, ADM_MED_GRP, ADM_MED, ADM_MED_QTY, ADM_MED_DATE) VALUES(52, 'ADM010', 'GRP005', 'COM413', 2, TO_DATE('2022-03-09 10:23:13', 'YYYY-MM-DD HH24:MI:SS'));
INSERT INTO ADMISSION_MEDICINES_TBL (IDX, ADM_ID, ADM_MED_GRP, ADM_MED, ADM_MED_QTY, ADM_MED_DATE) VALUES(53, 'ADM010', 'GRP005', 'COM413', 2, TO_DATE('2022-03-10 10:23:13', 'YYYY-MM-DD HH24:MI:SS'));
INSERT INTO ADMISSION_MEDICINES_TBL (IDX, ADM_ID, ADM_MED_GRP, ADM_MED, ADM_MED_QTY, ADM_MED_DATE) VALUES(54, 'ADM010', 'GRP005', 'COM413', 2, TO_DATE('2022-03-11 10:23:13', 'YYYY-MM-DD HH24:MI:SS'));
--32 : 신경
INSERT INTO ADMISSION_MEDICINES_TBL (IDX, ADM_ID, ADM_MED_GRP, ADM_MED, ADM_MED_QTY, ADM_MED_DATE) VALUES(55, 'ADM011', 'GRP005', 'COM405', 3, TO_DATE('2022-09-15 10:23:13', 'YYYY-MM-DD HH24:MI:SS'));
INSERT INTO ADMISSION_MEDICINES_TBL (IDX, ADM_ID, ADM_MED_GRP, ADM_MED, ADM_MED_QTY, ADM_MED_DATE) VALUES(56, 'ADM011', 'GRP005', 'COM405', 3, TO_DATE('2022-09-16 10:23:13', 'YYYY-MM-DD HH24:MI:SS'));
INSERT INTO ADMISSION_MEDICINES_TBL (IDX, ADM_ID, ADM_MED_GRP, ADM_MED, ADM_MED_QTY, ADM_MED_DATE) VALUES(57, 'ADM011', 'GRP005', 'COM405', 2, TO_DATE('2022-09-17 10:23:13', 'YYYY-MM-DD HH24:MI:SS'));
INSERT INTO ADMISSION_MEDICINES_TBL (IDX, ADM_ID, ADM_MED_GRP, ADM_MED, ADM_MED_QTY, ADM_MED_DATE) VALUES(58, 'ADM012', 'GRP005', 'COM407', 2, TO_DATE('2022-04-04 10:23:13', 'YYYY-MM-DD HH24:MI:SS'));
INSERT INTO ADMISSION_MEDICINES_TBL (IDX, ADM_ID, ADM_MED_GRP, ADM_MED, ADM_MED_QTY, ADM_MED_DATE) VALUES(59, 'ADM013', 'GRP005', 'COM403', 1, TO_DATE('2022-04-03 09:13:24', 'YYYY-MM-DD HH24:MI:SS'));
INSERT INTO ADMISSION_MEDICINES_TBL (IDX, ADM_ID, ADM_MED_GRP, ADM_MED, ADM_MED_QTY, ADM_MED_DATE) VALUES(60, 'ADM014', 'GRP005', 'COM413', 3, TO_DATE('2022-04-04 11:52:35', 'YYYY-MM-DD HH24:MI:SS'));
INSERT INTO ADMISSION_MEDICINES_TBL (IDX, ADM_ID, ADM_MED_GRP, ADM_MED, ADM_MED_QTY, ADM_MED_DATE) VALUES(61, 'ADM015', 'GRP005', 'COM410', 2, TO_DATE('2022-04-08 14:44:21', 'YYYY-MM-DD HH24:MI:SS')); --얘는 퇴원 안 시킴.
INSERT INTO ADMISSION_MEDICINES_TBL (IDX, ADM_ID, ADM_MED_GRP, ADM_MED, ADM_MED_QTY, ADM_MED_DATE) VALUES(62, 'ADM016', 'GRP005', 'COM413', 2, TO_DATE('2022-05-04 15:52:51', 'YYYY-MM-DD HH24:MI:SS'));
INSERT INTO ADMISSION_MEDICINES_TBL (IDX, ADM_ID, ADM_MED_GRP, ADM_MED, ADM_MED_QTY, ADM_MED_DATE) VALUES(63, 'ADM017', 'GRP005', 'COM411', 4, TO_DATE('2022-05-06 14:43:42', 'YYYY-MM-DD HH24:MI:SS'));
INSERT INTO ADMISSION_MEDICINES_TBL (IDX, ADM_ID, ADM_MED_GRP, ADM_MED, ADM_MED_QTY, ADM_MED_DATE) VALUES(64, 'ADM018', 'GRP005', 'COM405', 1, TO_DATE('2022-05-07 13:44:21', 'YYYY-MM-DD HH24:MI:SS'));
INSERT INTO ADMISSION_MEDICINES_TBL (IDX, ADM_ID, ADM_MED_GRP, ADM_MED, ADM_MED_QTY, ADM_MED_DATE) VALUES(65, 'ADM019', 'GRP005', 'COM408', 3, TO_DATE('2022-05-05 09:23:11', 'YYYY-MM-DD HH24:MI:SS')); --얘는 퇴원 안 시킴.
INSERT INTO ADMISSION_MEDICINES_TBL (IDX, ADM_ID, ADM_MED_GRP, ADM_MED, ADM_MED_QTY, ADM_MED_DATE) VALUES(66, 'ADM020', 'GRP005', 'COM402', 5, TO_DATE('2022-07-06 09:14:32', 'YYYY-MM-DD HH24:MI:SS'));
INSERT INTO ADMISSION_MEDICINES_TBL (IDX, ADM_ID, ADM_MED_GRP, ADM_MED, ADM_MED_QTY, ADM_MED_DATE) VALUES(67, 'ADM021', 'GRP005', 'COM409', 2, TO_DATE('2022-07-07 15:38:44', 'YYYY-MM-DD HH24:MI:SS')); --얘는 퇴원 안 시킴.
--------------------------------------------------------------------------------------------------------------------------------------------------------------------

--------------------------------------------------------------------------------------------------------------------------------------------------------------------
CREATE TABLE DISCHARGE_TBL ( -- 퇴원
	IDX	        		NUMBER			NOT NULL,				-- 순서
	ADM_ID			CHAR(6)	       		NOT NULL,				-- 입원 ID
	PER_ID			VARCHAR2(20)		NOT NULL,				-- 사람 ID
	DOC_ID			CHAR(6)			NOT NULL,				-- 의사 ID
	DIS_DATE		DATE			NOT NULL				-- 퇴원일
);

INSERT INTO DISCHARGE_TBL (IDX, ADM_ID, PER_ID, DOC_ID, DIS_DATE) VALUES(1, 'ADM001', '950403-1129471', 'DOC001', TO_DATE('2022-03-16 17:00:00', 'YYYY-MM-DD HH24:MI:SS'));
INSERT INTO DISCHARGE_TBL (IDX, ADM_ID, PER_ID, DOC_ID, DIS_DATE) VALUES(2, 'ADM002', '990912-1263322', 'DOC002', TO_DATE('2022-03-23 17:00:00', 'YYYY-MM-DD HH24:MI:SS'));
--김민지13
INSERT INTO DISCHARGE_TBL (IDX, ADM_ID, PER_ID, DOC_ID, DIS_DATE) VALUES(3, 'ADM003', '060515-4125681', 'DOC027', TO_DATE('2022-03-17 09:35:55', 'YYYY-MM-DD HH24:MI:SS'));
--김민지14
INSERT INTO DISCHARGE_TBL (IDX, ADM_ID, PER_ID, DOC_ID, DIS_DATE) VALUES(4, 'ADM004', '550125-2120283', 'DOC022', TO_DATE('2022-06-24 09:00:38', 'YYYY-MM-DD HH24:MI:SS'));
--김민석15
INSERT INTO DISCHARGE_TBL (IDX, ADM_ID, PER_ID, DOC_ID, DIS_DATE) VALUES(5, 'ADM005', '880515-1165552', 'DOC009', TO_DATE('2022-06-27 09:20:18', 'YYYY-MM-DD HH24:MI:SS'));
INSERT INTO DISCHARGE_TBL (IDX, ADM_ID, PER_ID, DOC_ID, DIS_DATE) VALUES(6, 'ADM006', '560325-2699543', 'DOC011', TO_DATE('2022-03-16 11:00:00', 'YYYY-MM-DD HH24:MI:SS'));
INSERT INTO DISCHARGE_TBL (IDX, ADM_ID, PER_ID, DOC_ID, DIS_DATE) VALUES(7, 'ADM007', '810527-1315586', 'DOC066', TO_DATE('2022-03-19 11:00:00', 'YYYY-MM-DD HH24:MI:SS'));
INSERT INTO DISCHARGE_TBL (IDX, ADM_ID, PER_ID, DOC_ID, DIS_DATE) VALUES(8, 'ADM008', '990510-2265882', 'DOC015', TO_DATE('2022-03-23 11:00:00', 'YYYY-MM-DD HH24:MI:SS'));
--35
INSERT INTO DISCHARGE_TBL (IDX, ADM_ID, PER_ID, DOC_ID, DIS_DATE) VALUES(9, 'ADM009', '770115-2211513', 'DOC008', TO_DATE('2022-03-13 17:00:00', 'YYYY-MM-DD HH24:MI:SS'));
--37
INSERT INTO DISCHARGE_TBL (IDX, ADM_ID, PER_ID, DOC_ID, DIS_DATE) VALUES(10, 'ADM010', '551102-1126192', 'DOC024', TO_DATE('2022-03-12 17:00:00', 'YYYY-MM-DD HH24:MI:SS'));
--32
INSERT INTO DISCHARGE_TBL (IDX, ADM_ID, PER_ID, DOC_ID, DIS_DATE) VALUES(11, 'ADM011', '690503-2122532', 'DOC007', TO_DATE('2022-09-18 17:00:00', 'YYYY-MM-DD HH24:MI:SS'));
INSERT INTO DISCHARGE_TBL (IDX, ADM_ID, PER_ID, DOC_ID, DIS_DATE) VALUES(12, 'ADM012', '960930-1165951', 'DOC005', TO_DATE('2022-04-11 09:32:42', 'YYYY-MM-DD HH24:MI:SS'));
INSERT INTO DISCHARGE_TBL (IDX, ADM_ID, PER_ID, DOC_ID, DIS_DATE) VALUES(13, 'ADM013', '701209-2122572', 'DOC008', TO_DATE('2022-04-10 10:12:31', 'YYYY-MM-DD HH24:MI:SS'));
INSERT INTO DISCHARGE_TBL (IDX, ADM_ID, PER_ID, DOC_ID, DIS_DATE) VALUES(14, 'ADM014', '010412-4302115', 'DOC022', TO_DATE('2022-04-12 13:33:51', 'YYYY-MM-DD HH24:MI:SS'));
INSERT INTO DISCHARGE_TBL (IDX, ADM_ID, PER_ID, DOC_ID, DIS_DATE) VALUES(19, 'ADM015', '620302-1165552', 'DOC022', TO_DATE('2022-04-13 12:13:11', 'YYYY-MM-DD HH24:MI:SS'));
INSERT INTO DISCHARGE_TBL (IDX, ADM_ID, PER_ID, DOC_ID, DIS_DATE) VALUES(15, 'ADM016', '960930-1165951', 'DOC016', TO_DATE('2022-05-11 11:43:31', 'YYYY-MM-DD HH24:MI:SS'));
INSERT INTO DISCHARGE_TBL (IDX, ADM_ID, PER_ID, DOC_ID, DIS_DATE) VALUES(16, 'ADM017', '020812-1145132', 'DOC008', TO_DATE('2022-05-12 12:31:11', 'YYYY-MM-DD HH24:MI:SS'));
INSERT INTO DISCHARGE_TBL (IDX, ADM_ID, PER_ID, DOC_ID, DIS_DATE) VALUES(17, 'ADM018', '701209-2122572', 'DOC024', TO_DATE('2022-05-14 09:33:51', 'YYYY-MM-DD HH24:MI:SS'));
INSERT INTO DISCHARGE_TBL (IDX, ADM_ID, PER_ID, DOC_ID, DIS_DATE) VALUES(20, 'ADM019', '010412-4302115', 'DOC024', TO_DATE('2022-05-15 10:03:21', 'YYYY-MM-DD HH24:MI:SS'));
INSERT INTO DISCHARGE_TBL (IDX, ADM_ID, PER_ID, DOC_ID, DIS_DATE) VALUES(18, 'ADM020', '960930-1165951', 'DOC006', TO_DATE('2022-07-20 09:31:42', 'YYYY-MM-DD HH24:MI:SS'));
INSERT INTO DISCHARGE_TBL (IDX, ADM_ID, PER_ID, DOC_ID, DIS_DATE) VALUES(21, 'ADM021', '020812-1145132', 'DOC006', TO_DATE('2022-07-21 11:33:18', 'YYYY-MM-DD HH24:MI:SS'));



--------------------------------------------------------------------------------------------------------------------------------------------------------------------